,predicted_prob
2014-01-22,0.026205531855024444
2014-01-23,0.026205531855024444
2014-01-24,0.03586412723392363
2014-01-27,0.02630626292381308
2014-01-28,0.02630626292381308
2014-01-29,0.02630626292381308
2014-01-30,0.02630626292381308
2014-01-31,0.03586412723392363
2014-02-03,0.03586412723392363
2014-02-04,0.03586412723392363
2014-02-05,0.03586412723392363
2014-02-06,0.02630626292381308
2014-02-07,0.026205531855024444
2014-02-10,0.026205531855024444
2014-02-11,0.026205531855024444
2014-02-12,0.026205531855024444
2014-02-13,0.026205531855024444
2014-02-14,0.026205531855024444
2014-02-18,0.026205531855024444
2014-02-19,0.02630626292381308
2014-02-20,0.02630626292381308
2014-02-21,0.026205531855024444
2014-02-24,0.026205531855024444
2014-02-25,0.026205531855024444
2014-02-26,0.026205531855024444
2014-02-27,0.026205531855024444
2014-02-28,0.026205531855024444
2014-03-03,0.02630626292381308
2014-03-04,0.026205531855024444
2014-03-05,0.026205531855024444
2014-03-06,0.026205531855024444
2014-03-07,0.026205531855024444
2014-03-10,0.026205531855024444
2014-03-11,0.026205531855024444
2014-03-12,0.026205531855024444
2014-03-13,0.02630626292381308
2014-03-14,0.03586412723392363
2014-03-17,0.026205531855024444
2014-03-18,0.026205531855024444
2014-03-19,0.026205531855024444
2014-03-20,0.026205531855024444
2014-03-21,0.026205531855024444
2014-03-24,0.026205531855024444
2014-03-25,0.026205531855024444
2014-03-26,0.026205531855024444
2014-03-27,0.026205531855024444
2014-03-28,0.026205531855024444
2014-03-31,0.026205531855024444
2014-04-01,0.026205531855024444
2014-04-02,0.026205531855024444
2014-04-03,0.026205531855024444
2014-04-04,0.026205531855024444
2014-04-07,0.02630626292381308
2014-04-08,0.02630626292381308
2014-04-09,0.026205531855024444
2014-04-10,0.02630626292381308
2014-04-11,0.02630626292381308
2014-04-14,0.02630626292381308
2014-04-15,0.02630626292381308
2014-04-16,0.026205531855024444
2014-04-17,0.026205531855024444
2014-04-21,0.026205531855024444
2014-04-22,0.026205531855024444
2014-04-23,0.024167938752013937
2014-04-24,0.024167938752013937
2014-04-25,0.024167938752013937
2014-04-28,0.024167938752013937
2014-04-29,0.024167938752013937
2014-04-30,0.024167938752013937
2014-05-01,0.024167938752013937
2014-05-02,0.024167938752013937
2014-05-05,0.024167938752013937
2014-05-06,0.024167938752013937
2014-05-07,0.024167938752013937
2014-05-08,0.024167938752013937
2014-05-09,0.024167938752013937
2014-05-12,0.024167938752013937
2014-05-13,0.024167938752013937
2014-05-14,0.024167938752013937
2014-05-15,0.024167938752013937
2014-05-16,0.024167938752013937
2014-05-19,0.024167938752013937
2014-05-20,0.024167938752013937
2014-05-21,0.024167938752013937
2014-05-22,0.024167938752013937
2014-05-23,0.024167938752013937
2014-05-27,0.024167938752013937
2014-05-28,0.024167938752013937
2014-05-29,0.024167938752013937
2014-05-30,0.024167938752013937
2014-06-02,0.024167938752013937
2014-06-03,0.024167938752013937
2014-06-04,0.024167938752013937
2014-06-05,0.024167938752013937
2014-06-06,0.024167938752013937
2014-06-09,0.024167938752013937
2014-06-10,0.024167938752013937
2014-06-11,0.024167938752013937
2014-06-12,0.024167938752013937
2014-06-13,0.024167938752013937
2014-06-16,0.024167938752013937
2014-06-17,0.024167938752013937
2014-06-18,0.024167938752013937
2014-06-19,0.024167938752013937
2014-06-20,0.024167938752013937
2014-06-23,0.024167938752013937
2014-06-24,0.024167938752013937
2014-06-25,0.024167938752013937
2014-06-26,0.024167938752013937
2014-06-27,0.024167938752013937
2014-06-30,0.024167938752013937
2014-07-01,0.024167938752013937
2014-07-02,0.024167938752013937
2014-07-03,0.024167938752013937
2014-07-07,0.024167938752013937
2014-07-08,0.024167938752013937
2014-07-09,0.024167938752013937
2014-07-10,0.024167938752013937
2014-07-11,0.024167938752013937
2014-07-14,0.024167938752013937
2014-07-15,0.024167938752013937
2014-07-16,0.024167938752013937
2014-07-17,0.02426381903538848
2014-07-18,0.024167938752013937
2014-07-21,0.024167938752013937
2014-07-22,0.024167938752013937
2014-07-23,0.022456380255903196
2014-07-24,0.022456380255903196
2014-07-25,0.022456380255903196
2014-07-28,0.022456380255903196
2014-07-29,0.022456380255903196
2014-07-30,0.022456380255903196
2014-07-31,0.022531699047597546
2014-08-01,0.022531699047597546
2014-08-04,0.022531699047597546
2014-08-05,0.022531699047597546
2014-08-06,0.022531699047597546
2014-08-07,0.022531699047597546
2014-08-08,0.022531699047597546
2014-08-11,0.022456380255903196
2014-08-12,0.022456380255903196
2014-08-13,0.022456380255903196
2014-08-14,0.022456380255903196
2014-08-15,0.022456380255903196
2014-08-18,0.022456380255903196
2014-08-19,0.022456380255903196
2014-08-20,0.022456380255903196
2014-08-21,0.022456380255903196
2014-08-22,0.022456380255903196
2014-08-25,0.022456380255903196
2014-08-26,0.022456380255903196
2014-08-27,0.022456380255903196
2014-08-28,0.022456380255903196
2014-08-29,0.022456380255903196
2014-09-02,0.022456380255903196
2014-09-03,0.022456380255903196
2014-09-04,0.022456380255903196
2014-09-05,0.022456380255903196
2014-09-08,0.022456380255903196
2014-09-09,0.022456380255903196
2014-09-10,0.022456380255903196
2014-09-11,0.022456380255903196
2014-09-12,0.022456380255903196
2014-09-15,0.022456380255903196
2014-09-16,0.022456380255903196
2014-09-17,0.022456380255903196
2014-09-18,0.022456380255903196
2014-09-19,0.022456380255903196
2014-09-22,0.022456380255903196
2014-09-23,0.022456380255903196
2014-09-24,0.022456380255903196
2014-09-25,0.022531699047597546
2014-09-26,0.022456380255903196
2014-09-29,0.022531699047597546
2014-09-30,0.022531699047597546
2014-10-01,0.022531699047597546
2014-10-02,0.022456380255903196
2014-10-03,0.022456380255903196
2014-10-06,0.022456380255903196
2014-10-07,0.022531699047597546
2014-10-08,0.022456380255903196
2014-10-09,0.03251398738936825
2014-10-10,0.03251398738936825
2014-10-14,0.03251398738936825
2014-10-15,0.03251398738936825
2014-10-16,0.03251398738936825
2014-10-17,0.03251398738936825
2014-10-20,0.03251398738936825
2014-10-21,0.022456380255903196
2014-10-22,0.020970959303433435
2014-10-23,0.020970959303433435
2014-10-24,0.020970959303433435
2014-10-27,0.020970959303433435
2014-10-28,0.020970959303433435
2014-10-29,0.020970959303433435
2014-10-30,0.020970959303433435
2014-10-31,0.020970959303433435
2014-11-03,0.020970959303433435
2014-11-04,0.020970959303433435
2014-11-05,0.020970959303433435
2014-11-06,0.020970959303433435
2014-11-07,0.020970959303433435
2014-11-10,0.020970959303433435
2014-11-12,0.020970959303433435
2014-11-13,0.020970959303433435
2014-11-14,0.020970959303433435
2014-11-17,0.020970959303433435
2014-11-18,0.020970959303433435
2014-11-19,0.020970959303433435
2014-11-20,0.020970959303433435
2014-11-21,0.020970959303433435
2014-11-24,0.020970959303433435
2014-11-25,0.020970959303433435
2014-11-26,0.020970959303433435
2014-11-28,0.020970959303433435
2014-12-01,0.020970959303433435
2014-12-02,0.020970959303433435
2014-12-03,0.020970959303433435
2014-12-04,0.020970959303433435
2014-12-05,0.020970959303433435
2014-12-08,0.020970959303433435
2014-12-09,0.020970959303433435
2014-12-10,0.031185424754350665
2014-12-11,0.031185424754350665
2014-12-12,0.031185424754350665
2014-12-15,0.031185424754350665
2014-12-16,0.031185424754350665
2014-12-17,0.031185424754350665
2014-12-18,0.020970959303433435
2014-12-19,0.020970959303433435
2014-12-22,0.020970959303433435
2014-12-23,0.020970959303433435
2014-12-24,0.020970959303433435
2014-12-26,0.020970959303433435
2014-12-29,0.020970959303433435
2014-12-30,0.020970959303433435
2014-12-31,0.031185424754350665
2015-01-02,0.020970959303433435
2015-01-05,0.031185424754350665
2015-01-06,0.031185424754350665
2015-01-07,0.031185424754350665
2015-01-08,0.020970959303433435
2015-01-09,0.020970959303433435
2015-01-12,0.031185424754350665
2015-01-13,0.031185424754350665
2015-01-14,0.031185424754350665
2015-01-15,0.031185424754350665
2015-01-16,0.031185424754350665
2015-01-20,0.031185424754350665
2015-01-21,0.031185424754350665
2015-01-22,0.020970959303433435
2015-01-23,0.020970959303433435
2015-01-26,0.019645748665156938
2015-01-27,0.019645748665156938
2015-01-28,0.03000995516513003
2015-01-29,0.019645748665156938
2015-01-30,0.03000995516513003
2015-02-02,0.019645748665156938
2015-02-03,0.019645748665156938
2015-02-04,0.019645748665156938
2015-02-05,0.019645748665156938
2015-02-06,0.019645748665156938
2015-02-09,0.019645748665156938
2015-02-10,0.019645748665156938
2015-02-11,0.019645748665156938
2015-02-12,0.019645748665156938
2015-02-13,0.019645748665156938
2015-02-17,0.019645748665156938
2015-02-18,0.019645748665156938
2015-02-19,0.019645748665156938
2015-02-20,0.019645748665156938
2015-02-23,0.019645748665156938
2015-02-24,0.019645748665156938
2015-02-25,0.019645748665156938
2015-02-26,0.019645748665156938
2015-02-27,0.019645748665156938
2015-03-02,0.019645748665156938
2015-03-03,0.019645748665156938
2015-03-04,0.019645748665156938
2015-03-05,0.019645748665156938
2015-03-06,0.019645748665156938
2015-03-09,0.019645748665156938
2015-03-10,0.019645748665156938
2015-03-11,0.019645748665156938
2015-03-12,0.019645748665156938
2015-03-13,0.019645748665156938
2015-03-16,0.019645748665156938
2015-03-17,0.019645748665156938
2015-03-18,0.019645748665156938
2015-03-19,0.019645748665156938
2015-03-20,0.019645748665156938
2015-03-23,0.019645748665156938
2015-03-24,0.019645748665156938
2015-03-25,0.019645748665156938
2015-03-26,0.019645748665156938
2015-03-27,0.019645748665156938
2015-03-30,0.019645748665156938
2015-03-31,0.019645748665156938
2015-04-01,0.019645748665156938
2015-04-02,0.019645748665156938
2015-04-06,0.019645748665156938
2015-04-07,0.019645748665156938
2015-04-08,0.019645748665156938
2015-04-09,0.019645748665156938
2015-04-10,0.019645748665156938
2015-04-13,0.019645748665156938
2015-04-14,0.019645748665156938
2015-04-15,0.019645748665156938
2015-04-16,0.019645748665156938
2015-04-17,0.019645748665156938
2015-04-20,0.019645748665156938
2015-04-21,0.019645748665156938
2015-04-22,0.019645748665156938
2015-04-23,0.019645748665156938
2015-04-24,0.019645748665156938
2015-04-27,0.01849939888590328
2015-04-28,0.01849939888590328
2015-04-29,0.01849939888590328
2015-04-30,0.01849939888590328
2015-05-01,0.01849939888590328
2015-05-04,0.01849939888590328
2015-05-05,0.01849939888590328
2015-05-06,0.01849939888590328
2015-05-07,0.01849939888590328
2015-05-08,0.01849939888590328
2015-05-11,0.01849939888590328
2015-05-12,0.01849939888590328
2015-05-13,0.01849939888590328
2015-05-14,0.01849939888590328
2015-05-15,0.01849939888590328
2015-05-18,0.01849939888590328
2015-05-19,0.01849939888590328
2015-05-20,0.01849939888590328
2015-05-21,0.01849939888590328
2015-05-22,0.01849939888590328
2015-05-26,0.01849939888590328
2015-05-27,0.01849939888590328
2015-05-28,0.01849939888590328
2015-05-29,0.01849939888590328
2015-06-01,0.01849939888590328
2015-06-02,0.01849939888590328
2015-06-03,0.01849939888590328
2015-06-04,0.01849939888590328
2015-06-05,0.01849939888590328
2015-06-08,0.01849939888590328
2015-06-09,0.01849939888590328
2015-06-10,0.01849939888590328
2015-06-11,0.01849939888590328
2015-06-12,0.01849939888590328
2015-06-15,0.01849939888590328
2015-06-16,0.01849939888590328
2015-06-17,0.01849939888590328
2015-06-18,0.01849939888590328
2015-06-19,0.01849939888590328
2015-06-22,0.01849939888590328
2015-06-23,0.01849939888590328
2015-06-24,0.01849939888590328
2015-06-25,0.01849939888590328
2015-06-26,0.01849939888590328
2015-06-29,0.018559741345085957
2015-06-30,0.018559741345085957
2015-07-01,0.018559741345085957
2015-07-02,0.018559741345085957
2015-07-06,0.018559741345085957
2015-07-07,0.018559741345085957
2015-07-08,0.018559741345085957
2015-07-09,0.018559741345085957
2015-07-10,0.029224653633867097
2015-07-13,0.01849939888590328
2015-07-14,0.01849939888590328
2015-07-15,0.01849939888590328
2015-07-16,0.01849939888590328
2015-07-17,0.01849939888590328
2015-07-20,0.01849939888590328
2015-07-21,0.01849939888590328
2015-07-22,0.01849939888590328
2015-07-23,0.01849939888590328
2015-07-24,0.01849939888590328
2015-07-27,0.017460296432559735
2015-07-28,0.017460296432559735
2015-07-29,0.017460296432559735
2015-07-30,0.017460296432559735
2015-07-31,0.017460296432559735
2015-08-03,0.017460296432559735
2015-08-04,0.017460296432559735
2015-08-05,0.017460296432559735
2015-08-06,0.017460296432559735
2015-08-07,0.017460296432559735
2015-08-10,0.017460296432559735
2015-08-11,0.017460296432559735
2015-08-12,0.017460296432559735
2015-08-13,0.017460296432559735
2015-08-14,0.017460296432559735
2015-08-17,0.017460296432559735
2015-08-18,0.017460296432559735
2015-08-19,0.017460296432559735
2015-08-20,0.017516102221131962
2015-08-24,0.02838636728922598
2015-08-25,0.02838636728922598
2015-08-26,0.02838636728922598
2015-08-27,0.02838636728922598
2015-08-28,0.02838636728922598
2015-08-31,0.02838636728922598
2015-09-01,0.02838636728922598
2015-09-02,0.02838636728922598
2015-09-03,0.02838636728922598
2015-09-04,0.02838636728922598
2015-09-08,0.02838636728922598
2015-09-09,0.02838636728922598
2015-09-10,0.02838636728922598
2015-09-11,0.02838636728922598
2015-09-14,0.02838636728922598
2015-09-15,0.02838636728922598
2015-09-16,0.02838636728922598
2015-09-17,0.02838636728922598
2015-09-18,0.02838636728922598
2015-09-21,0.017460296432559735
2015-09-22,0.017516102221131962
2015-09-23,0.017516102221131962
2015-09-24,0.017516102221131962
2015-09-25,0.017516102221131962
2015-09-28,0.02838636728922598
2015-09-29,0.02838636728922598
2015-09-30,0.02838636728922598
2015-10-01,0.02838636728922598
2015-10-02,0.017460296432559735
2015-10-05,0.017460296432559735
2015-10-06,0.017460296432559735
2015-10-07,0.017460296432559735
2015-10-08,0.017460296432559735
2015-10-09,0.017460296432559735
2015-10-13,0.017460296432559735
2015-10-14,0.017460296432559735
2015-10-15,0.017460296432559735
2015-10-16,0.017460296432559735
2015-10-19,0.017460296432559735
2015-10-20,0.017460296432559735
2015-10-21,0.017460296432559735
2015-10-22,0.017460296432559735
2015-10-23,0.017460296432559735
2015-10-26,0.017460296432559735
2015-10-27,0.011862849263666327
2015-10-28,0.011862849263666327
2015-10-29,0.011862849263666327
2015-10-30,0.011862849263666327
2015-11-02,0.011862849263666327
2015-11-03,0.011862849263666327
2015-11-04,0.011862849263666327
2015-11-05,0.011862849263666327
2015-11-06,0.011862849263666327
2015-11-09,0.011904128875912776
2015-11-10,0.011904128875912776
2015-11-12,0.011904128875912776
2015-11-13,0.011904128875912776
2015-11-16,0.011904128875912776
2015-11-17,0.011904128875912776
2015-11-18,0.011904128875912776
2015-11-19,0.011904128875912776
2015-11-20,0.011904128875912776
2015-11-23,0.011904128875912776
2015-11-24,0.011904128875912776
2015-11-25,0.011904128875912776
2015-11-27,0.011862849263666327
2015-11-30,0.011862849263666327
2015-12-01,0.011862849263666327
2015-12-02,0.011862849263666327
2015-12-03,0.011904128875912776
2015-12-04,0.011904128875912776
2015-12-07,0.011904128875912776
2015-12-08,0.011904128875912776
2015-12-09,0.011904128875912776
2015-12-10,0.011904128875912776
2015-12-11,0.3123675433363411
2015-12-14,0.026437420999544888
2015-12-15,0.026437420999544888
2015-12-16,0.014110489856324827
2015-12-17,0.014110489856324827
2015-12-21,0.014110489856324827
2015-12-22,0.014110489856324827
2015-12-23,0.014110489856324827
2015-12-24,0.014110489856324827
2015-12-28,0.013497724061654899
2015-12-29,0.013497724061654899
2015-12-30,0.013497724061654899
2015-12-31,0.014110489856324827
2016-01-04,0.026437420999544888
2016-01-05,0.013283889025532944
2016-01-07,0.3123675433363411
2016-01-08,0.18510718999435913
2016-01-11,0.1734162538007053
2016-01-12,0.047220382430825505
2016-01-13,0.2955542576814682
2016-01-14,0.16160697827737075
2016-01-15,0.17066855353430355
2016-01-19,0.17066855353430355
2016-01-20,0.3123675433363411
2016-01-21,0.17066855353430355
2016-01-22,0.014110489856324827
2016-01-25,0.16714689333173047
2016-01-26,0.045302702493600126
2016-01-27,0.2675384113197512
2016-01-28,0.014110489856324827
2016-01-29,0.012429933684647872
2016-02-01,0.01188926805782693
2016-02-02,0.01196586723496283
2016-02-03,0.01196586723496283
2016-02-04,0.01196586723496283
2016-02-05,0.18269625849994042
2016-02-08,0.306546401003971
2016-02-09,0.20346563174171556
2016-02-10,0.27965695368540344
2016-02-11,0.3114755766515083
2016-02-12,0.20387068385028995
2016-02-16,0.2780042065391636
2016-02-17,0.03253426244917615
2016-02-18,0.011518130382244817
2016-02-19,0.011518130382244817
2016-02-22,0.010524098220909833
2016-02-23,0.01196586723496283
2016-02-24,0.01196586723496283
2016-02-25,0.010524098220909833
2016-02-26,0.010524098220909833
2016-02-29,0.01196586723496283
2016-03-01,0.010524098220909833
2016-03-02,0.010524098220909833
2016-03-03,0.010524098220909833
2016-03-04,0.010524098220909833
2016-03-07,0.010503163803113476
2016-03-08,0.010503163803113476
2016-03-09,0.010503163803113476
2016-03-10,0.010503163803113476
2016-03-11,0.010503163803113476
2016-03-14,0.010503163803113476
2016-03-15,0.010503163803113476
2016-03-16,0.010503163803113476
2016-03-17,0.010503163803113476
2016-03-18,0.010503163803113476
2016-03-21,0.010503163803113476
2016-03-22,0.010503163803113476
2016-03-23,0.010503163803113476
2016-03-24,0.010503163803113476
2016-03-28,0.01062705308997031
2016-03-29,0.010503163803113476
2016-03-30,0.010503163803113476
2016-03-31,0.010503163803113476
2016-04-01,0.010503163803113476
2016-04-04,0.01062705308997031
2016-04-05,0.010666177731491974
2016-04-06,0.01062705308997031
2016-04-07,0.01062705308997031
2016-04-08,0.010666177731491974
2016-04-11,0.010666177731491974
2016-04-12,0.01062705308997031
2016-04-13,0.01062705308997031
2016-04-14,0.010503163803113476
2016-04-15,0.01062705308997031
2016-04-18,0.010503163803113476
2016-04-19,0.010503163803113476
2016-04-20,0.010503163803113476
2016-04-21,0.010503163803113476
2016-04-22,0.010503163803113476
2016-04-25,0.010503163803113476
2016-04-26,0.010503163803113476
2016-04-27,0.01062705308997031
2016-04-28,0.01062705308997031
2016-04-29,0.01062705308997031
2016-05-02,0.01062705308997031
2016-05-03,0.008762757202870624
2016-05-04,0.008762757202870624
2016-05-05,0.008762757202870624
2016-05-06,0.009096379185073899
2016-05-09,0.009038794631997913
2016-05-10,0.008762757202870624
2016-05-11,0.009096379185073899
2016-05-12,0.008762757202870624
2016-05-13,0.009421678553803301
2016-05-16,0.008762757202870624
2016-05-17,0.009038794631997913
2016-05-18,0.009096379185073899
2016-05-19,0.008762757202870624
2016-05-20,0.008762757202870624
2016-05-23,0.008762757202870624
2016-05-24,0.008762757202870624
2016-05-25,0.008519847409728856
2016-05-26,0.008519847409728856
2016-05-27,0.008519847409728856
2016-05-31,0.008519847409728856
2016-06-01,0.008519847409728856
2016-06-02,0.008519847409728856
2016-06-03,0.008519847409728856
2016-06-06,0.008519847409728856
2016-06-07,0.008519847409728856
2016-06-08,0.008519847409728856
2016-06-09,0.008519847409728856
2016-06-10,0.008758610224245292
2016-06-13,0.009828469021460905
2016-06-14,0.008758610224245292
2016-06-15,0.008758610224245292
2016-06-16,0.008758610224245292
2016-06-17,0.008758610224245292
2016-06-20,0.008758610224245292
2016-06-21,0.008758610224245292
2016-06-22,0.009828469021460905
2016-06-23,0.008758610224245292
2016-06-24,0.24273693214335693
2016-06-27,0.3879204674459902
2016-06-28,0.011910972614607659
2016-06-29,0.010463716882452517
2016-06-30,0.008532962026932588
2016-07-01,0.008537003087030981
2016-07-05,0.01046866265931932
2016-07-06,0.010797852783988706
2016-07-07,0.01046866265931932
2016-07-08,0.01046866265931932
2016-07-11,0.008537003087030981
2016-07-12,0.008519847409728856
2016-07-13,0.008519847409728856
2016-07-14,0.008519847409728856
2016-07-15,0.008519847409728856
2016-07-18,0.008519847409728856
2016-07-19,0.008519847409728856
2016-07-20,0.008519847409728856
2016-07-21,0.008519847409728856
2016-07-22,0.008519847409728856
2016-07-25,0.008519847409728856
2016-07-26,0.008762757202870624
2016-07-27,0.008762757202870624
2016-07-28,0.008762757202870624
2016-07-29,0.008762757202870624
2016-08-01,0.008762757202870624
2016-08-02,0.009471621691509865
2016-08-03,0.009474856349574947
2016-08-04,0.009474856349574947
2016-08-05,0.009474856349574947
2016-08-08,0.009474856349574947
2016-08-09,0.009474856349574947
2016-08-10,0.009474856349574947
2016-08-11,0.009471621691509865
2016-08-12,0.009471621691509865
2016-08-15,0.009474856349574947
2016-08-16,0.009358997494136226
2016-08-17,0.009358997494136226
2016-08-18,0.009358997494136226
2016-08-19,0.009474856349574947
2016-08-22,0.009474856349574947
2016-08-23,0.009474856349574947
2016-08-24,0.009474856349574947
2016-08-25,0.009474856349574947
2016-08-26,0.009474856349574947
2016-08-29,0.009474856349574947
2016-08-30,0.009474856349574947
2016-08-31,0.009474856349574947
2016-09-01,0.009474856349574947
2016-09-02,0.009474856349574947
2016-09-06,0.009474856349574947
2016-09-07,0.009474856349574947
2016-09-08,0.009474856349574947
2016-09-09,0.009471621691509865
2016-09-12,0.009471621691509865
2016-09-13,0.010813085148181174
2016-09-14,0.010813085148181174
2016-09-15,0.010813085148181174
2016-09-19,0.010813085148181174
2016-09-20,0.010813085148181174
2016-09-21,0.009519207247020567
2016-09-22,0.009494548121860518
2016-09-23,0.009358997494136226
2016-09-26,0.009839674921337629
2016-09-27,0.009358997494136226
2016-09-28,0.009358997494136226
2016-09-29,0.009839674921337629
2016-09-30,0.009358997494136226
2016-10-03,0.009358997494136226
2016-10-04,0.009499464821993308
2016-10-05,0.009499464821993308
2016-10-06,0.009499464821993308
2016-10-07,0.009499464821993308
2016-10-11,0.009839674921337629
2016-10-12,0.009839674921337629
2016-10-13,0.010343133563663698
2016-10-14,0.009839674921337629
2016-10-17,0.009471621691509865
2016-10-18,0.009839674921337629
2016-10-19,0.009839674921337629
2016-10-20,0.009474856349574947
2016-10-21,0.009474856349574947
2016-10-24,0.009474856349574947
2016-10-25,0.009499464821993308
2016-10-26,0.009474856349574947
2016-10-27,0.009499464821993308
2016-10-28,0.009471621691509865
2016-10-31,0.010764230245792683
2016-11-01,0.010764230245792683
2016-11-02,0.0162901657637076
2016-11-03,0.0162901657637076
2016-11-04,0.0162901657637076
2016-11-07,0.0162901657637076
2016-11-08,0.0162901657637076
2016-11-09,0.016229808845366154
2016-11-10,0.016229808845366154
2016-11-14,0.016229808845366154
2016-11-15,0.016229808845366154
2016-11-16,0.016229808845366154
2016-11-17,0.016229808845366154
2016-11-18,0.016229808845366154
2016-11-21,0.016229808845366154
2016-11-22,0.016229808845366154
2016-11-23,0.016229808845366154
2016-11-25,0.016229808845366154
2016-11-28,0.016229808845366154
2016-11-29,0.016229808845366154
2016-11-30,0.016229808845366154
2016-12-01,0.016229808845366154
2016-12-02,0.016229808845366154
2016-12-05,0.016229808845366154
2016-12-06,0.016229808845366154
2016-12-07,0.016229808845366154
2016-12-08,0.016229808845366154
2016-12-09,0.016229808845366154
2016-12-12,0.016229808845366154
2016-12-13,0.016229808845366154
2016-12-14,0.016229808845366154
2016-12-15,0.016229808845366154
2016-12-16,0.016229808845366154
2016-12-19,0.016229808845366154
2016-12-20,0.016229808845366154
2016-12-21,0.016229808845366154
2016-12-22,0.016229808845366154
2016-12-23,0.016229808845366154
2016-12-27,0.016229808845366154
2016-12-28,0.016229808845366154
2016-12-29,0.016229808845366154
2016-12-30,0.016229808845366154
2017-01-03,0.016229808845366154
2017-01-04,0.016229808845366154
2017-01-05,0.016229808845366154
2017-01-06,0.016229808845366154
2017-01-09,0.016229808845366154
2017-01-10,0.016229808845366154
2017-01-11,0.016229808845366154
2017-01-12,0.016229808845366154
2017-01-13,0.016229808845366154
2017-01-17,0.016229808845366154
2017-01-18,0.016229808845366154
2017-01-19,0.016229808845366154
2017-01-20,0.016229808845366154
2017-01-23,0.016229808845366154
2017-01-24,0.016229808845366154
2017-01-25,0.016229808845366154
2017-01-26,0.016229808845366154
2017-01-27,0.016229808845366154
2017-01-30,0.016229808845366154
2017-01-31,0.016229808845366154
2017-02-01,0.016229808845366154
2017-02-02,0.016229808845366154
2017-02-03,0.016229808845366154
2017-02-06,0.015559327489934006
2017-02-07,0.015559327489934006
2017-02-08,0.015559327489934006
2017-02-09,0.015559327489934006
2017-02-10,0.015559327489934006
2017-02-13,0.015559327489934006
2017-02-14,0.015559327489934006
2017-02-15,0.015559327489934006
2017-02-16,0.015559327489934006
2017-02-17,0.015559327489934006
2017-02-21,0.015559327489934006
2017-02-22,0.015559327489934006
2017-02-23,0.015559327489934006
2017-02-24,0.015559327489934006
2017-02-27,0.015559327489934006
2017-02-28,0.015559327489934006
2017-03-01,0.015559327489934006
2017-03-02,0.015559327489934006
2017-03-03,0.015559327489934006
2017-03-06,0.015559327489934006
2017-03-07,0.015559327489934006
2017-03-08,0.015559327489934006
2017-03-09,0.015559327489934006
2017-03-10,0.015559327489934006
2017-03-13,0.015559327489934006
2017-03-14,0.015559327489934006
2017-03-15,0.015559327489934006
2017-03-16,0.015559327489934006
2017-03-17,0.015559327489934006
2017-03-20,0.015559327489934006
2017-03-21,0.015559327489934006
2017-03-22,0.015559327489934006
2017-03-23,0.015559327489934006
2017-03-24,0.015559327489934006
2017-03-27,0.015559327489934006
2017-03-28,0.015559327489934006
2017-03-29,0.015559327489934006
2017-03-30,0.015559327489934006
2017-03-31,0.015559327489934006
2017-04-03,0.015559327489934006
2017-04-04,0.015559327489934006
2017-04-05,0.015609242649041009
2017-04-06,0.015559327489934006
2017-04-07,0.015609242649041009
2017-04-10,0.015609242649041009
2017-04-11,0.015609242649041009
2017-04-12,0.015609242649041009
2017-04-13,0.015609242649041009
2017-04-17,0.015609242649041009
2017-04-18,0.015609242649041009
2017-04-19,0.015609242649041009
2017-04-20,0.015609242649041009
2017-04-21,0.015609242649041009
2017-04-24,0.015559327489934006
2017-04-25,0.015559327489934006
2017-04-26,0.015559327489934006
2017-04-27,0.015559327489934006
2017-04-28,0.015559327489934006
2017-05-01,0.015559327489934006
2017-05-02,0.015559327489934006
2017-05-03,0.015559327489934006
2017-05-04,0.015559327489934006
2017-05-05,0.015559327489934006
2017-05-08,0.014942094167197686
2017-05-09,0.014942094167197686
2017-05-10,0.014942094167197686
2017-05-11,0.014942094167197686
2017-05-12,0.014942094167197686
2017-05-15,0.014942094167197686
2017-05-16,0.014942094167197686
2017-05-17,0.014982160981898569
2017-05-18,0.014982160981898569
2017-05-19,0.014942094167197686
2017-05-22,0.014942094167197686
2017-05-23,0.014942094167197686
2017-05-24,0.014942094167197686
2017-05-25,0.014942094167197686
2017-05-26,0.014942094167197686
2017-05-30,0.014942094167197686
2017-05-31,0.014942094167197686
2017-06-01,0.014942094167197686
2017-06-02,0.014942094167197686
2017-06-05,0.014942094167197686
2017-06-06,0.014942094167197686
2017-06-07,0.014942094167197686
2017-06-08,0.014942094167197686
2017-06-09,0.014942094167197686
2017-06-12,0.014942094167197686
2017-06-13,0.014942094167197686
2017-06-14,0.014942094167197686
2017-06-15,0.014942094167197686
2017-06-16,0.014942094167197686
2017-06-19,0.014942094167197686
2017-06-20,0.014942094167197686
2017-06-21,0.014942094167197686
2017-06-22,0.014942094167197686
2017-06-23,0.014942094167197686
2017-06-26,0.014942094167197686
2017-06-27,0.014942094167197686
2017-06-28,0.014942094167197686
2017-06-29,0.014982160981898569
2017-06-30,0.014942094167197686
2017-07-03,0.014942094167197686
2017-07-05,0.014942094167197686
2017-07-06,0.014982160981898569
2017-07-07,0.014942094167197686
2017-07-10,0.014942094167197686
2017-07-11,0.014942094167197686
2017-07-12,0.014942094167197686
2017-07-13,0.014942094167197686
2017-07-14,0.014942094167197686
2017-07-17,0.014942094167197686
2017-07-18,0.014942094167197686
2017-07-19,0.014942094167197686
2017-07-20,0.014942094167197686
2017-07-21,0.014942094167197686
2017-07-24,0.014942094167197686
2017-07-25,0.014942094167197686
2017-07-26,0.014942094167197686
2017-07-27,0.014942094167197686
2017-07-28,0.014942094167197686
2017-07-31,0.014942094167197686
2017-08-01,0.014942094167197686
2017-08-02,0.014942094167197686
2017-08-03,0.014942094167197686
2017-08-04,0.014942094167197686
2017-08-07,0.014360806929517399
2017-08-08,0.014360806929517399
2017-08-09,0.014360806929517399
2017-08-10,0.01440020397318549
2017-08-11,0.01440020397318549
2017-08-14,0.014360806929517399
2017-08-15,0.014360806929517399
2017-08-17,0.01440020397318549
2017-08-18,0.01440020397318549
2017-08-21,0.01440020397318549
2017-08-22,0.01440020397318549
2017-08-23,0.01440020397318549
2017-08-24,0.01440020397318549
2017-08-25,0.01440020397318549
2017-08-28,0.01440020397318549
2017-08-29,0.01440020397318549
2017-08-30,0.01440020397318549
2017-08-31,0.014360806929517399
2017-09-01,0.014360806929517399
2017-09-05,0.01440020397318549
2017-09-06,0.014360806929517399
2017-09-07,0.014360806929517399
2017-09-08,0.01440020397318549
2017-09-11,0.014360806929517399
2017-09-12,0.014360806929517399
2017-09-13,0.014360806929517399
2017-09-15,0.014360806929517399
2017-09-18,0.014360806929517399
2017-09-19,0.014360806929517399
2017-09-20,0.014360806929517399
2017-09-21,0.014360806929517399
2017-09-22,0.014360806929517399
2017-09-25,0.014360806929517399
2017-09-26,0.014360806929517399
2017-09-27,0.014360806929517399
2017-09-28,0.014360806929517399
2017-09-29,0.014360806929517399
2017-10-02,0.014360806929517399
2017-10-03,0.014360806929517399
2017-10-04,0.014360806929517399
2017-10-05,0.014360806929517399
2017-10-06,0.014360806929517399
2017-10-10,0.014360806929517399
2017-10-11,0.014360806929517399
2017-10-12,0.014360806929517399
2017-10-13,0.014360806929517399
2017-10-16,0.014360806929517399
2017-10-17,0.014360806929517399
2017-10-18,0.014360806929517399
2017-10-19,0.014360806929517399
2017-10-20,0.014360806929517399
2017-10-23,0.014360806929517399
2017-10-24,0.014360806929517399
2017-10-25,0.014360806929517399
2017-10-26,0.014360806929517399
2017-10-27,0.014360806929517399
2017-10-30,0.014360806929517399
2017-10-31,0.014360806929517399
2017-11-01,0.014360806929517399
2017-11-02,0.014360806929517399
2017-11-03,0.014360806929517399
2017-11-06,0.014360806929517399
2017-11-07,0.014360806929517399
2017-11-08,0.013833189435932347
2017-11-09,0.013833189435932347
2017-11-10,0.013833189435932347
2017-11-13,0.013833189435932347
2017-11-14,0.013833189435932347
2017-11-15,0.013833189435932347
2017-11-16,0.013833189435932347
2017-11-17,0.013833189435932347
2017-11-20,0.013833189435932347
2017-11-21,0.013833189435932347
2017-11-22,0.013833189435932347
2017-11-24,0.013833189435932347
2017-11-27,0.013833189435932347
2017-11-28,0.013833189435932347
2017-11-29,0.013833189435932347
2017-11-30,0.013833189435932347
2017-12-01,0.013833189435932347
2017-12-04,0.013833189435932347
2017-12-05,0.013833189435932347
2017-12-06,0.013833189435932347
2017-12-07,0.013833189435932347
2017-12-08,0.013833189435932347
2017-12-11,0.013833189435932347
2017-12-12,0.013833189435932347
2017-12-13,0.013833189435932347
2017-12-14,0.013833189435932347
2017-12-15,0.013833189435932347
2017-12-18,0.013833189435932347
2017-12-19,0.013833189435932347
2017-12-20,0.013833189435932347
2017-12-21,0.013833189435932347
2017-12-22,0.013833189435932347
2017-12-26,0.013833189435932347
2017-12-27,0.013833189435932347
2017-12-28,0.013833189435932347
2017-12-29,0.013833189435932347
2018-01-02,0.013833189435932347
2018-01-03,0.013833189435932347
2018-01-04,0.013833189435932347
2018-01-05,0.013833189435932347
2018-01-08,0.013833189435932347
2018-01-09,0.013833189435932347
2018-01-10,0.013833189435932347
2018-01-11,0.013833189435932347
2018-01-12,0.013833189435932347
2018-01-16,0.013833189435932347
2018-01-17,0.013833189435932347
2018-01-18,0.013833189435932347
2018-01-19,0.013833189435932347
2018-01-22,0.013833189435932347
2018-01-23,0.013833189435932347
2018-01-24,0.013833189435932347
2018-01-25,0.013833189435932347
2018-01-26,0.013833189435932347
2018-01-29,0.013833189435932347
2018-01-30,0.0192105976404519
2018-01-31,0.013833189435932347
2018-02-01,0.013833189435932347
2018-02-02,0.0192105976404519
2018-02-06,0.013869739611256558
2018-02-07,0.013869739611256558
2018-02-08,0.013869739611256558
2018-02-09,0.013869739611256558
2018-02-12,0.02398413432270549
2018-02-13,0.02398413432270549
2018-02-14,0.012774660072843346
2018-02-15,0.012774660072843346
2018-02-20,0.012774660072843346
2018-02-21,0.012774660072843346
2018-02-22,0.012774660072843346
2018-02-23,0.012740272349983013
2018-02-26,0.012740272349983013
2018-02-27,0.012774660072843346
2018-02-28,0.012774660072843346
2018-03-01,0.012774660072843346
2018-03-02,0.012774660072843346
2018-03-05,0.012774660072843346
2018-03-06,0.012774660072843346
2018-03-07,0.012774660072843346
2018-03-08,0.012774660072843346
2018-03-09,0.012740272349983013
2018-03-12,0.012740272349983013
2018-03-13,0.012740272349983013
2018-03-14,0.012774660072843346
2018-03-15,0.012774660072843346
2018-03-16,0.012774660072843346
2018-03-19,0.012774660072843346
2018-03-20,0.012774660072843346
2018-03-22,0.02398413432270549
2018-03-23,0.02398413432270549
2018-03-26,0.012774660072843346
2018-03-27,0.012774660072843346
2018-03-28,0.012774660072843346
2018-03-29,0.02372067131143431
2018-04-02,0.044105908387560525
2018-04-03,0.02372067131143431
2018-04-04,0.02372067131143431
2018-04-05,0.02372067131143431
2018-04-06,0.02372067131143431
2018-04-09,0.023689979424853277
2018-04-10,0.02372067131143431
2018-04-11,0.023689979424853277
2018-04-12,0.023689979424853277
2018-04-13,0.012774660072843346
2018-04-16,0.012774660072843346
2018-04-17,0.012740272349983013
2018-04-18,0.012740272349983013
2018-04-19,0.012774660072843346
2018-04-20,0.012774660072843346
2018-04-23,0.012774660072843346
2018-04-24,0.012774660072843346
2018-04-25,0.02372067131143431
2018-04-26,0.012774660072843346
2018-04-27,0.012774660072843346
2018-04-30,0.012774660072843346
2018-05-01,0.012774660072843346
2018-05-02,0.02372067131143431
2018-05-03,0.012774660072843346
2018-05-04,0.012774660072843346
2018-05-07,0.02372067131143431
2018-05-08,0.012774660072843346
2018-05-09,0.012740272349983013
2018-05-10,0.012740272349983013
2018-05-14,0.012740272349983013
2018-05-15,0.012740272349983013
2018-05-16,0.012740272349983013
2018-05-17,0.012417230063293452
2018-05-18,0.012417230063293452
2018-05-21,0.012417230063293452
2018-05-22,0.012417230063293452
2018-05-23,0.012417230063293452
2018-05-24,0.012417230063293452
2018-05-25,0.012417230063293452
2018-05-29,0.012455009788444289
2018-05-30,0.012417230063293452
2018-06-01,0.012417230063293452
2018-06-04,0.012417230063293452
2018-06-05,0.012417230063293452
2018-06-06,0.012417230063293452
2018-06-07,0.012417230063293452
2018-06-08,0.012417230063293452
2018-06-11,0.012417230063293452
2018-06-12,0.012417230063293452
2018-06-13,0.012417230063293452
2018-06-14,0.012417230063293452
2018-06-15,0.012417230063293452
2018-06-18,0.012417230063293452
2018-06-19,0.012417230063293452
2018-06-20,0.012417230063293452
2018-06-21,0.012417230063293452
2018-06-22,0.012417230063293452
2018-06-25,0.012455009788444289
2018-06-26,0.012455009788444289
2018-06-27,0.012455009788444289
2018-06-28,0.012455009788444289
2018-06-29,0.012417230063293452
2018-07-02,0.012417230063293452
2018-07-03,0.017709289354232816
2018-07-05,0.017709289354232816
2018-07-06,0.012417230063293452
2018-07-09,0.012417230063293452
2018-07-10,0.012417230063293452
2018-07-11,0.012417230063293452
2018-07-12,0.012417230063293452
2018-07-13,0.012417230063293452
2018-07-16,0.012417230063293452
2018-07-17,0.012417230063293452
2018-07-18,0.012417230063293452
2018-07-19,0.012417230063293452
2018-07-20,0.012417230063293452
2018-07-23,0.012417230063293452
2018-07-24,0.012417230063293452
2018-07-25,0.012417230063293452
2018-07-26,0.012417230063293452
2018-07-27,0.012417230063293452
2018-07-30,0.012417230063293452
2018-07-31,0.012417230063293452
2018-08-01,0.012417230063293452
2018-08-02,0.012417230063293452
2018-08-03,0.012417230063293452
2018-08-06,0.012417230063293452
2018-08-07,0.012417230063293452
2018-08-08,0.012417230063293452
2018-08-09,0.012417230063293452
2018-08-10,0.012417230063293452
2018-08-13,0.012417230063293452
2018-08-14,0.012417230063293452
2018-08-15,0.012417230063293452
2018-08-16,0.012417230063293452
2018-08-17,0.012005773081544997
2018-08-20,0.012005773081544997
2018-08-21,0.012005773081544997
2018-08-22,0.012005773081544997
2018-08-23,0.012005773081544997
2018-08-24,0.012005773081544997
2018-08-27,0.012005773081544997
2018-08-28,0.012005773081544997
2018-08-29,0.012005773081544997
2018-08-30,0.012005773081544997
2018-08-31,0.012005773081544997
2018-09-04,0.012005773081544997
2018-09-05,0.012005773081544997
2018-09-06,0.012005773081544997
2018-09-07,0.012005773081544997
2018-09-10,0.012005773081544997
2018-09-11,0.012005773081544997
2018-09-12,0.012005773081544997
2018-09-13,0.012005773081544997
2018-09-14,0.012005773081544997
2018-09-17,0.012005773081544997
2018-09-18,0.012005773081544997
2018-09-19,0.012005773081544997
2018-09-20,0.012005773081544997
2018-09-21,0.012005773081544997
2018-09-24,0.012005773081544997
2018-09-25,0.012005773081544997
2018-09-26,0.012005773081544997
2018-09-27,0.012005773081544997
2018-09-28,0.012005773081544997
2018-10-01,0.012005773081544997
2018-10-02,0.012005773081544997
2018-10-03,0.012005773081544997
2018-10-05,0.012005773081544997
2018-10-09,0.012043679065342537
2018-10-10,0.023758809253378674
2018-10-11,0.034008962240412714
2018-10-12,0.023758809253378674
2018-10-15,0.023758809253378674
2018-10-16,0.023758809253378674
2018-10-17,0.023758809253378674
2018-10-18,0.023758809253378674
2018-10-19,0.023758809253378674
2018-10-22,0.023758809253378674
2018-10-23,0.023758809253378674
2018-10-24,0.034008962240412714
2018-10-25,0.034008962240412714
2018-10-26,0.04050604928139093
2018-10-29,0.04050604928139093
2018-10-30,0.04050604928139093
2018-10-31,0.02835518234566437
2018-11-01,0.02835518234566437
2018-11-02,0.02835518234566437
2018-11-05,0.02835518234566437
2018-11-06,0.02835518234566437
2018-11-07,0.014329953231747523
2018-11-08,0.02824573084133793
2018-11-09,0.014375090611203532
2018-11-13,0.028293086397845675
2018-11-14,0.02835518234566437
2018-11-15,0.02835518234566437
2018-11-16,0.014427342318614707
2018-11-19,0.02835518234566437
2018-11-20,0.0307300221654565
2018-11-21,0.015306300358695511
2018-11-23,0.015333015534813296
2018-11-26,0.030677316104938835
2018-11-27,0.030677316104938835
2018-11-28,0.030677316104938835
2018-11-29,0.03063523627076422
2018-11-30,0.030677316104938835
2018-12-03,0.011654607734730489
2018-12-04,0.0307300221654565
2018-12-06,0.030687872323632535
2018-12-07,0.04404921701814555
2018-12-10,0.0307300221654565
2018-12-11,0.0307300221654565
2018-12-12,0.0307300221654565
2018-12-13,0.0307300221654565
2018-12-14,0.0307300221654565
2018-12-17,0.04404921701814555
2018-12-18,0.04404921701814555
2018-12-19,0.03375966951911185
2018-12-20,0.04404921701814555
2018-12-21,0.04404921701814555
2018-12-24,0.04404921701814555
2018-12-26,0.04404921701814555
2018-12-27,0.04404921701814555
2018-12-28,0.04404921701814555
2019-01-02,0.03392496514368628
2019-01-03,0.03392496514368628
2019-01-04,0.023558903473873277
2019-01-07,0.023558903473873277
2019-01-08,0.023558903473873277
2019-01-09,0.011770521744125692
2019-01-10,0.023558903473873277
2019-01-11,0.016819272137151304
2019-01-14,0.03354634958861131
2019-01-15,0.023434765418958146
2019-01-16,0.023434765418958146
2019-01-17,0.011649052987533437
2019-01-22,0.01528497235407312
2019-01-23,0.01528497235407312
2019-01-24,0.011649052987533437
2019-01-25,0.011612761416938124
2019-01-28,0.011691028534295541
2019-01-29,0.011691028534295541
2019-01-30,0.011691028534295541
2019-01-31,0.011612761416938124
2019-02-01,0.011612761416938124
2019-02-04,0.011612761416938124
2019-02-05,0.011654607734730489
2019-02-06,0.011654607734730489
2019-02-07,0.011612761416938124
2019-02-08,0.011612761416938124
2019-02-11,0.011612761416938124
2019-02-12,0.011612761416938124
2019-02-13,0.011612761416938124
2019-02-14,0.011612761416938124
2019-02-15,0.011612761416938124
2019-02-19,0.011612761416938124
2019-02-20,0.011654607734730489
2019-02-21,0.011654607734730489
2019-02-22,0.011654607734730489
2019-02-25,0.011612761416938124
2019-02-26,0.011612761416938124
2019-02-27,0.010465979458936731
2019-02-28,0.010465979458936731
2019-03-01,0.010465979458936731
2019-03-04,0.010483904657250142
2019-03-05,0.010483904657250142
2019-03-06,0.010483904657250142
2019-03-07,0.011528859743309493
2019-03-08,0.010483904657250142
2019-03-11,0.010483904657250142
2019-03-14,0.010483904657250142
2019-03-15,0.010483904657250142
2019-03-18,0.010485544108826393
2019-03-19,0.011521036964386151
2019-03-20,0.010594620767151267
2019-03-21,0.010594620767151267
2019-03-22,0.011521036964386151
2019-03-25,0.012100270208363394
2019-03-26,0.01124782499254395
2019-03-27,0.012370847771749394
2019-03-28,0.012370847771749394
2019-03-29,0.01062957564692791
2019-04-01,0.010465979458936731
2019-04-02,0.010465979458936731
2019-04-03,0.010465979458936731
2019-04-04,0.010511353634614801
2019-04-05,0.010465979458936731
2019-04-08,0.010465979458936731
2019-04-09,0.010465979458936731
2019-04-10,0.010465979458936731
2019-04-11,0.010465979458936731
2019-04-12,0.010574854769554805
2019-04-15,0.010485544108826393
2019-04-16,0.010485544108826393
2019-04-17,0.010485544108826393
2019-04-18,0.010649442825209299
2019-04-22,0.01061629773471837
2019-04-23,0.010480272413881463
2019-04-24,0.01058929481986668
2019-04-25,0.01058929481986668
2019-04-26,0.010480272413881463
2019-04-29,0.010480272413881463
2019-04-30,0.010480272413881463
2019-05-01,0.010498221832184788
2019-05-02,0.010498221832184788
2019-05-03,0.01058929481986668
2019-05-06,0.011544587295294157
2019-05-07,0.01710044426428671
2019-05-08,0.011528859743309493
2019-05-09,0.023325978597828773
2019-05-10,0.011528859743309493
2019-05-13,0.034328597229467524
2019-05-14,0.034328597229467524
2019-05-15,0.034328597229467524
2019-05-16,0.025053809115303683
2019-05-17,0.034328597229467524
2019-05-20,0.024914238303487452
2019-05-21,0.024914238303487452
2019-05-22,0.024914238303487452
2019-05-23,0.024914238303487452
2019-05-24,0.024914238303487452
2019-05-28,0.024914238303487452
2019-05-29,0.02546396689848057
2019-05-30,0.02546396689848057
2019-05-31,0.022042446341158324
2019-06-03,0.022042446341158324
2019-06-04,0.022042446341158324
2019-06-05,0.008728078177670387
2019-06-06,0.008728078177670387
2019-06-07,0.008579222852170769
2019-06-10,0.00854000887447404
2019-06-11,0.00854000887447404
2019-06-12,0.008579222852170769
2019-06-13,0.00854000887447404
2019-06-14,0.00854000887447404
2019-06-17,0.008556097974608708
2019-06-18,0.009939275979452423
2019-06-19,0.008521141287170894
2019-06-20,0.008521141287170894
2019-06-21,0.008521141287170894
2019-06-24,0.008505117356568313
2019-06-25,0.008505117356568313
2019-06-26,0.008505117356568313
2019-06-27,0.008505117356568313
2019-06-28,0.008505117356568313
2019-07-01,0.008505117356568313
2019-07-02,0.008516468518529826
2019-07-03,0.008516468518529826
2019-07-08,0.008641165687068708
2019-07-09,0.008516468518529826
2019-07-10,0.008516468518529826
2019-07-11,0.008659301421863606
2019-07-12,0.008516468518529826
2019-07-15,0.00840767851528366
2019-07-16,0.00840767851528366
2019-07-17,0.010098031546168949
2019-07-18,0.008657443699248231
2019-07-19,0.008524176420558532
2019-07-22,0.008508146831392487
2019-07-23,0.008508146831392487
2019-07-24,0.008508146831392487
2019-07-25,0.008641165687068708
2019-07-26,0.008641165687068708
2019-07-29,0.010079072432046088
2019-07-30,0.010079072432046088
2019-07-31,0.009420898015523548
2019-08-01,0.009420898015523548
2019-08-02,0.009798879885535284
2019-08-05,0.049999725440902434
2019-08-06,0.021651803899054082
2019-08-07,0.021651803899054082
2019-08-08,0.021651803899054082
2019-08-09,0.021651803899054082
2019-08-12,0.02986454940424267
2019-08-13,0.02986454940424267
2019-08-14,0.02986454940424267
2019-08-15,0.02986454940424267
2019-08-16,0.02986454940424267
2019-08-19,0.018779219080676448
2019-08-20,0.020804861974298445
2019-08-21,0.018779219080676448
2019-08-22,0.021575051934712257
2019-08-23,0.021575051934712257
2019-08-26,0.021575051934712257
2019-08-27,0.021575051934712257
2019-08-28,0.019187233295775378
2019-08-29,0.019187233295775378
2019-08-30,0.021279160563702194
2019-09-03,0.023551898763229967
2019-09-04,0.021279160563702194
2019-09-05,0.010111003642827871
2019-09-06,0.010111003642827871
2019-09-09,0.010111003642827871
2019-09-10,0.010111003642827871
2019-09-11,0.010111003642827871
2019-09-12,0.010111003642827871
2019-09-13,0.010119670838122511
2019-09-16,0.010156167170920551
2019-09-17,0.010156167170920551
2019-09-18,0.010156167170920551
2019-09-19,0.010156167170920551
2019-09-20,0.010162758106643527
2019-09-23,0.010126238331520113
2019-09-24,0.010126238331520113
2019-09-25,0.010126238331520113
2019-09-26,0.010126238331520113
2019-09-27,0.010126238331520113
2019-09-30,0.010126238331520113
2019-10-01,0.02131086052742722
2019-10-02,0.023551898763229967
2019-10-03,0.023551898763229967
2019-10-04,0.023551898763229967
2019-10-07,0.023551898763229967
2019-10-08,0.023551898763229967
2019-10-09,0.023551898763229967
2019-10-10,0.023551898763229967
2019-10-11,0.01120457334799964
2019-10-15,0.01006035495948372
2019-10-16,0.01006035495948372
2019-10-17,0.01006035495948372
2019-10-18,0.01006035495948372
2019-10-21,0.010024199442475738
2019-10-22,0.010024199442475738
2019-10-23,0.010024199442475738
2019-10-24,0.010024199442475738
2019-10-25,0.010024199442475738
2019-10-28,0.010024199442475738
2019-10-29,0.010024199442475738
2019-10-30,0.010024199442475738
2019-10-31,0.010024199442475738
2019-11-01,0.010024199442475738
2019-11-04,0.010024199442475738
2019-11-05,0.010024199442475738
2019-11-06,0.010024199442475738
2019-11-07,0.010024199442475738
2019-11-08,0.010024199442475738
2019-11-12,0.010119670838122511
2019-11-13,0.010119670838122511
2019-11-14,0.010024199442475738
2019-11-15,0.010024199442475738
2019-11-18,0.012927080188724469
2019-11-19,0.012927080188724469
2019-11-20,0.012927080188724469
2019-11-21,0.012935445833992303
2019-11-22,0.012935445833992303
2019-11-25,0.010024199442475738
2019-11-26,0.010024199442475738
2019-11-27,0.010024199442475738
2019-11-29,0.010024199442475738
2019-12-02,0.010030705604418627
2019-12-03,0.01116881963771453
2019-12-04,0.02546756512125005
2019-12-05,0.02546756512125005
2019-12-06,0.01116881963771453
2019-12-09,0.01116881963771453
2019-12-10,0.01116881963771453
2019-12-11,0.01116881963771453
2019-12-12,0.01116881963771453
2019-12-13,0.01116881963771453
2019-12-16,0.01116881963771453
2019-12-17,0.01116881963771453
2019-12-18,0.01116881963771453
2019-12-19,0.01116881963771453
2019-12-20,0.01116881963771453
2019-12-23,0.01116881963771453
2019-12-24,0.01116881963771453
2019-12-26,0.01116881963771453
2019-12-27,0.01116881963771453
2019-12-30,0.01116881963771453
2019-12-31,0.01116881963771453
2020-01-02,0.01116881963771453
2020-01-03,0.01116881963771453
2020-01-06,0.01116881963771453
2020-01-07,0.01116881963771453
2020-01-08,0.01116881963771453
2020-01-09,0.01116881963771453
2020-01-10,0.01116881963771453
2020-01-13,0.01116881963771453
2020-01-14,0.01116881963771453
2020-01-15,0.01116881963771453
2020-01-16,0.01116881963771453
2020-01-17,0.01116881963771453
2020-01-21,0.01116881963771453
2020-01-22,0.01116881963771453
2020-01-23,0.01116881963771453
2020-01-24,0.01116881963771453
2020-01-27,0.01116881963771453
2020-01-28,0.01116881963771453
2020-01-29,0.01116881963771453
2020-01-30,0.01116881963771453
2020-01-31,0.01116881963771453
2020-02-03,0.01116881963771453
2020-02-04,0.01116881963771453
2020-02-05,0.01116881963771453
2020-02-06,0.01116881963771453
2020-02-07,0.01116881963771453
2020-02-10,0.01116881963771453
2020-02-11,0.01116881963771453
2020-02-12,0.01116881963771453
2020-02-13,0.01116881963771453
2020-02-14,0.01116881963771453
2020-02-18,0.01116881963771453
2020-02-19,0.01116881963771453
2020-02-20,0.01116881963771453
2020-02-21,0.01116881963771453
2020-02-24,0.01116881963771453
2020-02-25,0.01116881963771453
2020-02-26,0.01116881963771453
2020-02-27,0.01116881963771453
2020-02-28,0.01116881963771453
2020-03-02,0.01116881963771453
2020-03-03,0.04019046625766504
2020-03-04,0.01116881963771453
2020-03-05,0.028334983928032433
2020-03-06,0.012166871214317984
2020-03-09,0.04071852895246683
2020-03-10,0.19870254728162176
2020-03-11,0.21508036396340782
2020-03-12,0.21508036396340782
2020-03-13,0.2130716792612766
2020-03-16,0.21508036396340782
2020-03-17,0.19171757475447146
2020-03-18,0.4429640842022078
2020-03-19,0.41848525001106174
2020-03-20,0.2130716792612766
2020-03-23,0.2631578947368421
2020-03-24,0.13043478260869565
2020-03-25,0.13043478260869565
2020-03-26,0.011049723756906077
2020-03-27,0.011049723756906077
2020-03-30,0.011049723756906077
2020-03-31,0.0
2020-04-01,0.011049723756906077
2020-04-02,0.13043478260869565
2020-04-03,0.13043478260869565
2020-04-06,0.13043478260869565
2020-04-07,0.13043478260869565
2020-04-08,0.13043478260869565
2020-04-09,0.13043478260869565
2020-04-13,0.05660377358490566
2020-04-14,0.05660377358490566
2020-04-15,0.13043478260869565
2020-04-16,0.13043478260869565
2020-04-17,0.011049723756906077
2020-04-20,0.0
2020-04-21,0.13043478260869565
2020-04-22,0.0
2020-04-23,0.0
2020-04-24,0.0
2020-04-27,0.011049723756906077
2020-04-28,0.011049723756906077
2020-04-29,0.011049723756906077
2020-04-30,0.0
2020-05-01,0.011049723756906077
2020-05-04,0.011049723756906077
2020-05-05,0.011049723756906077
2020-05-06,0.011049723756906077
2020-05-07,0.0
2020-05-08,0.011049723756906077
2020-05-11,0.011049723756906077
2020-05-12,0.011049723756906077
2020-05-13,0.13043478260869565
2020-05-14,0.0
2020-05-15,0.0
2020-05-18,0.05660377358490566
2020-05-19,0.05660377358490566
2020-05-20,0.05660377358490566
2020-05-21,0.05660377358490566
2020-05-22,0.05660377358490566
2020-05-26,0.011049723756906077
2020-05-27,0.011049723756906077
2020-05-28,0.011049723756906077
2020-05-29,0.011049723756906077
2020-06-01,0.0
2020-06-02,0.008477532741926147
2020-06-03,0.008477532741926147
2020-06-04,0.0
2020-06-05,0.0
2020-06-08,0.011049723756906077
2020-06-09,0.0
2020-06-10,0.0
2020-06-12,0.011049723756906077
2020-06-15,0.011049723756906077
2020-06-16,0.011049723756906077
2020-06-17,0.011049723756906077
2020-06-18,0.011049723756906077
2020-06-19,0.011049723756906077
2020-06-22,0.011049723756906077
2020-06-23,0.011049723756906077
2020-06-24,0.011049723756906077
2020-06-25,0.0
2020-06-26,0.011049723756906077
2020-06-29,0.011049723756906077
2020-06-30,0.011049723756906077
2020-07-01,0.011049723756906077
2020-07-02,0.011049723756906077
2020-07-06,0.011049723756906077
2020-07-07,0.011049723756906077
2020-07-08,0.011049723756906077
2020-07-09,0.011049723756906077
2020-07-10,0.011049723756906077
2020-07-13,0.0
2020-07-14,0.011049723756906077
2020-07-15,0.011049723756906077
2020-07-16,0.011049723756906077
2020-07-17,0.011049723756906077
2020-07-20,0.011049723756906077
2020-07-21,0.011049723756906077
2020-07-22,0.011049723756906077
2020-07-23,0.0
2020-07-24,0.0
2020-07-27,0.0
2020-07-28,0.0
2020-07-29,0.0
2020-07-30,0.0
2020-07-31,0.011049723756906077
2020-08-03,0.011049723756906077
2020-08-04,0.011049723756906077
2020-08-05,0.0
2020-08-06,0.0
2020-08-07,0.0
2020-08-10,0.0
2020-08-11,0.0
2020-08-12,0.0
2020-08-13,0.0
2020-08-14,0.0
2020-08-17,0.0
2020-08-18,0.0
2020-08-19,0.0
2020-08-20,0.0
2020-08-21,0.0
2020-08-24,0.0
2020-08-25,0.0
2020-08-26,0.0
2020-08-27,0.0
2020-08-28,0.0
2020-08-31,0.0
2020-09-01,0.0
2020-09-02,0.0
2020-09-03,0.0013406723193815071
2020-09-04,0.011049723756906077
2020-09-08,0.011049723756906077
2020-09-09,0.011049723756906077
2020-09-10,0.009978339696580647
2020-09-11,0.009978339696580647
2020-09-14,0.0
2020-09-15,0.0
2020-09-16,0.0
2020-09-17,0.011049723756906077
2020-09-18,0.0
2020-09-21,0.0022222979041607777
2020-09-22,0.0
2020-09-23,0.009978339696580647
2020-09-24,0.009978339696580647
2020-09-25,0.0
2020-09-28,0.0
2020-09-29,0.021739130434782608
2020-09-30,0.021739130434782608
2020-10-01,0.021739130434782608
2020-10-02,0.021739130434782608
2020-10-05,0.021739130434782608
2020-10-06,0.13043478260869565
2020-10-07,0.021739130434782608
2020-10-08,0.021739130434782608
2020-10-09,0.021739130434782608
2020-10-13,0.05660377358490566
2020-10-14,0.05660377358490566
2020-10-15,0.13043478260869565
2020-10-16,0.13043478260869565
2020-10-19,0.011049723756906077
2020-10-20,0.011049723756906077
2020-10-21,0.011049723756906077
2020-10-22,0.011049723756906077
2020-10-23,0.011049723756906077
2020-10-26,0.011049723756906077
2020-10-27,0.011049723756906077
2020-10-28,0.011049723756906077
2020-10-29,0.011049723756906077
2020-10-30,0.011049723756906077
2020-11-02,0.011049723756906077
2020-11-03,0.011049723756906077
2020-11-04,0.011049723756906077
2020-11-05,0.011049723756906077
2020-11-06,0.011049723756906077
2020-11-09,0.011049723756906077
2020-11-10,0.011049723756906077
2020-11-12,0.011049723756906077
2020-11-13,0.011049723756906077
2020-11-16,0.011049723756906077
2020-11-17,0.004650071245103675
2020-11-18,0.011049723756906077
2020-11-19,0.004650071245103675
2020-11-20,0.011049723756906077
2020-11-23,0.005758099562962044
2020-11-24,0.011049723756906077
2020-11-25,0.0
2020-11-27,0.0
2020-11-30,0.0
2020-12-01,0.0
2020-12-02,0.011049723756906077
2020-12-03,0.0
2020-12-04,0.011049723756906077
2020-12-07,0.0
2020-12-08,0.0
2020-12-09,0.0
2020-12-10,0.0
2020-12-11,0.009601948466579361
2020-12-14,0.009601948466579361
2020-12-15,0.0
2020-12-16,0.0
2020-12-17,0.0
2020-12-18,0.0
2020-12-21,0.011049723756906077
2020-12-22,0.011049723756906077
2020-12-23,0.001556790672163482
2020-12-24,0.0
2020-12-28,0.0
2020-12-29,0.0
2020-12-30,0.0
2020-12-31,0.0
2021-01-04,0.011049723756906077
2021-01-05,0.011049723756906077
2021-01-06,0.011049723756906077
2021-01-07,0.0
2021-01-08,0.0
2021-01-11,0.011049723756906077
2021-01-12,0.011049723756906077
2021-01-13,0.0
2021-01-14,0.011049723756906077
2021-01-15,0.011049723756906077
2021-01-19,0.011049723756906077
2021-01-20,0.0
2021-01-21,0.0
2021-01-25,0.011049723756906077
2021-01-26,0.0
2021-01-27,0.011049723756906077
2021-01-28,0.011049723756906077
2021-01-29,0.011049723756906077
2021-02-01,0.011049723756906077
2021-02-02,0.011049723756906077
2021-02-03,0.0
2021-02-04,0.0
2021-02-05,0.0
2021-02-08,0.0
2021-02-09,0.0
2021-02-10,0.0
2021-02-11,0.0
2021-02-12,0.0
2021-02-16,0.0
2021-02-18,0.0
2021-02-19,0.0
2021-02-22,0.0
2021-02-23,0.0
2021-02-24,0.0
2021-02-25,0.011049723756906077
2021-02-26,0.011049723756906077
2021-03-01,0.011049723756906077
2021-03-02,0.011049723756906077
2021-03-03,0.011049723756906077
2021-03-04,0.011049723756906077
2021-03-05,0.011049723756906077
2021-03-08,0.011049723756906077
2021-03-09,0.011049723756906077
2021-03-10,0.0
2021-03-11,0.0
2021-03-12,0.0
2021-03-15,0.0
2021-03-16,0.0
2021-03-17,0.0
2021-03-18,0.0
2021-03-19,0.0
2021-03-22,0.0
2021-03-23,0.0
2021-03-24,0.011049723756906077
2021-03-25,0.0
2021-03-26,0.0
2021-03-29,0.011049723756906077
2021-03-30,0.0
2021-03-31,0.0
2021-04-01,0.0
2021-04-05,0.0
2021-04-06,0.011049723756906077
2021-04-07,0.0
2021-04-08,0.0
2021-04-09,0.0
2021-04-12,0.0
2021-04-13,0.0
2021-04-14,0.0
2021-04-15,0.0
2021-04-16,0.0
2021-04-19,0.0
2021-04-20,0.0
2021-04-21,0.0
2021-04-22,0.0
2021-04-23,0.0
2021-04-26,0.0
2021-04-27,0.0
2021-04-28,0.0
2021-04-29,0.0
2021-04-30,0.0
2021-05-03,0.0071325534932380405
2021-05-04,0.011049723756906077
2021-05-06,0.0
2021-05-07,0.0
2021-05-10,0.011049723756906077
2021-05-12,0.011049723756906077
2021-05-13,0.011049723756906077
2021-05-14,0.0
2021-05-17,0.0
2021-05-18,0.011049723756906077
2021-05-19,0.011049723756906077
2021-05-21,0.011049723756906077
2021-05-24,0.0
2021-05-26,0.0
2021-05-27,0.0
2021-05-28,0.0
2021-06-01,0.0
2021-06-02,0.0
2021-06-03,0.0
2021-06-04,0.0
2021-06-07,0.0
2021-06-08,0.0
2021-06-09,0.0
2021-06-10,0.0
2021-06-11,0.0
2021-06-14,0.0
2021-06-15,0.0
2021-06-16,0.0
2021-06-17,0.0
2021-06-18,0.0
2021-06-21,0.0
2021-06-22,0.0
2021-06-23,0.0
2021-06-24,0.0
2021-06-25,0.0
2021-06-28,0.011049723756906077
2021-06-29,0.0
2021-06-30,0.0
2021-07-01,0.0
2021-07-02,0.0
2021-07-06,0.0
2021-07-07,0.0
2021-07-08,0.0
2021-07-09,0.0
2021-07-12,0.0
2021-07-13,0.0
2021-07-14,0.0
2021-07-15,0.0
2021-07-16,0.011049723756906077
2021-07-19,0.0
2021-07-20,0.0
2021-07-21,0.0
2021-07-22,0.0
2021-07-23,0.0
2021-07-26,0.0
2021-07-27,0.0
2021-07-28,0.0
2021-07-29,0.0
2021-07-30,0.0
2021-08-02,0.0
2021-08-03,0.0
2021-08-04,0.0
2021-08-05,0.0
2021-08-09,0.0
2021-08-11,0.0
2021-08-12,0.0
2021-08-13,0.0
2021-08-16,0.0
2021-08-17,0.0
2021-08-18,0.0
2021-08-19,0.0
2021-08-20,0.0
2021-08-23,0.0
2021-08-24,0.0
2021-08-25,0.0
2021-08-26,0.0
2021-08-27,0.0
2021-08-30,0.0
2021-08-31,0.011049723756906077
2021-09-01,0.0
2021-09-02,0.0
2021-09-03,0.0
2021-09-08,0.0
2021-09-09,0.0
2021-09-10,0.0
2021-09-13,0.0
2021-09-14,0.0
2021-09-15,0.0
2021-09-16,0.0
2021-09-17,0.0
2021-09-20,0.011049723756906077
2021-09-21,0.011049723756906077
2021-09-22,0.011049723756906077
2021-09-23,0.0
2021-09-24,0.0
2021-09-27,0.0
2021-09-28,0.011049723756906077
2021-09-29,0.011049723756906077
2021-09-30,0.011049723756906077
2021-10-01,0.011049723756906077
2021-10-04,0.011049723756906077
2021-10-05,0.011049723756906077
2021-10-06,0.011049723756906077
2021-10-07,0.0
2021-10-12,0.0
2021-10-13,0.0
2021-10-14,0.0
2021-10-15,0.0
2021-10-18,0.0
2021-10-19,0.0
2021-10-20,0.0
2021-10-21,0.0
2021-10-22,0.0
2021-10-25,0.0
2021-10-26,0.0
2021-10-27,0.0
2021-10-28,0.0
2021-10-29,0.0
2021-11-01,0.0
2021-11-02,0.0
2021-11-03,0.0
2021-11-04,0.0
2021-11-05,0.0
2021-11-08,0.0
2021-11-09,0.0
2021-11-10,0.0
2021-11-12,0.0
2021-11-15,0.0
2021-11-16,0.0
2021-11-17,0.0
2021-11-18,0.0
2021-11-19,0.0
2021-11-22,0.0
2021-11-23,0.0
2021-11-24,0.0
2021-11-26,0.011049723756906077
2021-11-29,0.011049723756906077
2021-11-30,0.011049723756906077
2021-12-01,0.011049723756906077
2021-12-02,0.011049723756906077
2021-12-03,0.011049723756906077
2021-12-06,0.011049723756906077
2021-12-07,0.011049723756906077
2021-12-08,0.0
2021-12-09,0.011049723756906077
2021-12-10,0.0
2021-12-13,0.0
2021-12-14,0.0
2021-12-15,0.0
2021-12-16,0.0
2021-12-17,0.0
2021-12-20,0.011049723756906077
2021-12-21,0.011049723756906077
2021-12-23,0.0
2021-12-27,0.002216909082803228
2021-12-28,0.002216909082803228
2021-12-29,0.002216909082803228
2021-12-30,0.002216909082803228
2021-12-31,0.002216909082803228
2022-01-03,0.002216909082803228
2022-01-04,0.002216909082803228
2022-01-05,0.000945151658847057
2022-01-06,0.011049723756906077
2022-01-07,0.002216909082803228
2022-01-10,0.011049723756906077
2022-01-11,0.011049723756906077
2022-01-12,0.002216909082803228
2022-01-13,0.011049723756906077
2022-01-14,0.011049723756906077
2022-01-18,0.011049723756906077
2022-01-19,0.011049723756906077
2022-01-20,0.011049723756906077
2022-01-21,0.011049723756906077
2022-01-24,0.011049723756906077
2022-01-25,0.011049723756906077
2022-01-26,0.011049723756906077
2022-01-27,0.011049723756906077
2022-01-28,0.011049723756906077
2022-01-31,0.011049723756906077
2022-02-01,0.011049723756906077
2022-02-03,0.011049723756906077
2022-02-08,0.000945151658847057
2022-02-09,0.000945151658847057
2022-02-10,0.000945151658847057
2022-02-11,0.011049723756906077
2022-02-14,0.011049723756906077
2022-02-15,0.011049723756906077
2022-02-16,0.011049723756906077
2022-02-17,0.011049723756906077
2022-02-18,0.011049723756906077
2022-02-22,0.011049723756906077
2022-02-23,0.011049723756906077
2022-02-24,0.011049723756906077
2022-02-25,0.011049723756906077
2022-02-28,0.011049723756906077
2022-03-01,0.011049723756906077
2022-03-02,0.011049723756906077
2022-03-03,0.011049723756906077
2022-03-07,0.011049723756906077
2022-03-08,0.011049723756906077
2022-03-09,0.000945151658847057
2022-03-10,0.011049723756906077
2022-03-11,0.011049723756906077
2022-03-14,0.011049723756906077
2022-03-15,0.011049723756906077
2022-03-16,0.011049723756906077
2022-03-17,0.000945151658847057
2022-03-18,0.000945151658847057
2022-03-21,0.000945151658847057
2022-03-22,0.000945151658847057
2022-03-23,0.000945151658847057
2022-03-24,0.000945151658847057
2022-03-25,0.000945151658847057
2022-03-28,0.0016506445960565539
2022-03-29,0.0016506445960565539
2022-03-30,0.0016506445960565539
2022-03-31,0.0016506445960565539
2022-04-01,0.0
2022-04-04,0.0
2022-04-05,0.0
2022-04-06,0.0
2022-04-07,0.0
2022-04-08,0.0
2022-04-11,0.011049723756906077
2022-04-12,0.011049723756906077
2022-04-13,0.0
2022-04-14,0.011049723756906077
2022-04-18,0.011049723756906077
2022-04-20,0.0
2022-04-21,0.011049723756906077
2022-04-22,0.011049723756906077
2022-04-25,0.011049723756906077
2022-04-27,0.011049723756906077
2022-04-28,0.011049723756906077
2022-04-29,0.011049723756906077
2022-05-02,0.011049723756906077
2022-05-03,0.011049723756906077
2022-05-04,0.011049723756906077
2022-05-05,0.011049723756906077
2022-05-06,0.011049723756906077
2022-05-09,0.011049723756906077
2022-05-10,0.011049723756906077
2022-05-11,0.011049723756906077
2022-05-12,0.2631578947368421
2022-05-13,0.2631578947368421
2022-05-16,0.2631578947368421
2022-05-17,0.2631578947368421
2022-05-18,0.2631578947368421
2022-05-19,0.13043478260869565
2022-05-20,0.13043478260869565
2022-05-23,0.13043478260869565
2022-05-24,0.13043478260869565
2022-05-25,0.13043478260869565
2022-05-26,0.13043478260869565
2022-05-27,0.13043478260869565
2022-05-31,0.13043478260869565
2022-06-01,0.13043478260869565
2022-06-02,0.05660377358490566
2022-06-03,0.05660377358490566
2022-06-06,0.13043478260869565
2022-06-07,0.05660377358490566
2022-06-08,0.13043478260869565
2022-06-09,0.13043478260869565
2022-06-10,0.13043478260869565
2022-06-13,0.13043478260869565
2022-06-14,0.011049723756906077
2022-06-15,0.13043478260869565
2022-06-16,0.13043478260869565
2022-06-17,0.13043478260869565
2022-06-21,0.13043478260869565
2022-06-22,0.13043478260869565
2022-06-23,0.13043478260869565
2022-06-24,0.13043478260869565
2022-06-27,0.13043478260869565
2022-06-28,0.05660377358490566
2022-06-29,0.05660377358490566
2022-06-30,0.13043478260869565
2022-07-01,0.05660377358490566
2022-07-05,0.05660377358490566
2022-07-06,0.05660377358490566
2022-07-07,0.13043478260869565
2022-07-08,0.011049723756906077
2022-07-11,0.13043478260869565
2022-07-12,0.13043478260869565
2022-07-13,0.2631578947368421
2022-07-14,0.13043478260869565
2022-07-15,0.011049723756906077
2022-07-18,0.2631578947368421
2022-07-19,0.021739130434782608
2022-07-20,0.05660377358490566
2022-07-21,0.011049723756906077
2022-07-22,0.011049723756906077
2022-07-25,0.011049723756906077
2022-07-26,0.13043478260869565
2022-07-27,0.011049723756906077
2022-07-28,0.011049723756906077
2022-07-29,0.0
2022-08-01,0.05660377358490566
2022-08-02,0.13043478260869565
2022-08-03,0.011049723756906077
2022-08-04,0.0
2022-08-08,0.011049723756906077
2022-08-09,0.011049723756906077
2022-08-10,0.011049723756906077
2022-08-11,0.011049723756906077
2022-08-12,0.011049723756906077
2022-08-15,0.011049723756906077
2022-08-16,0.011049723756906077
2022-08-17,0.0
2022-08-18,0.0
2022-08-19,0.011049723756906077
2022-08-22,0.13043478260869565
2022-08-23,0.14314968909797837
2022-08-24,0.011049723756906077
2022-08-25,0.0
2022-08-26,0.13043478260869565
2022-08-29,0.13043478260869565
2022-08-30,0.13043478260869565
2022-08-31,0.13043478260869565
2022-09-01,0.13043478260869565
2022-09-02,0.2631578947368421
2022-09-06,0.2631578947368421
2022-09-07,0.13043478260869565
2022-09-08,0.13043478260869565
2022-09-09,0.05660377358490566
2022-09-12,0.13043478260869565
2022-09-13,0.2631578947368421
2022-09-14,0.2631578947368421
2022-09-15,0.2631578947368421
2022-09-16,0.2631578947368421
2022-09-19,0.13043478260869565
2022-09-20,0.13043478260869565
2022-09-21,0.2631578947368421
2022-09-22,0.2631578947368421
2022-09-23,0.2631578947368421
2022-09-26,0.2631578947368421
2022-09-27,0.2631578947368421
2022-09-28,0.2631578947368421
2022-09-29,0.2631578947368421
2022-10-03,0.2631578947368421
2022-10-04,0.20095384261388977
2022-10-05,0.1489228761801729
2022-10-06,0.2631578947368421
2022-10-07,0.13043478260869565
2022-10-11,0.13043478260869565
2022-10-12,0.13043478260869565
2022-10-13,0.13043478260869565
2022-10-14,0.13043478260869565
2022-10-17,0.13043478260869565
2022-10-18,0.13043478260869565
2022-10-19,0.05660377358490566
2022-10-20,0.05660377358490566
2022-10-21,0.05660377358490566
2022-10-24,0.13043478260869565
2022-10-25,0.021739130434782608
2022-10-26,0.011049723756906077
2022-10-27,0.05660377358490566
2022-10-28,0.021739130434782608
2022-10-31,0.021739130434782608
2022-11-01,0.021739130434782608
2022-11-02,0.05660377358490566
2022-11-03,0.05660377358490566
2022-11-04,0.05660377358490566
2022-11-07,0.021739130434782608
2022-11-08,0.13043478260869565
2022-11-09,0.13043478260869565
2022-11-10,0.13043478260869565
2022-11-14,0.011049723756906077
2022-11-15,0.011049723756906077
2022-11-16,0.011049723756906077
2022-11-17,0.011049723756906077
2022-11-18,0.011049723756906077
2022-11-21,0.011049723756906077
2022-11-22,0.011049723756906077
2022-11-23,0.011049723756906077
2022-11-25,0.011049723756906077
2022-11-28,0.05660377358490566
2022-11-29,0.021739130434782608
2022-11-30,0.011049723756906077
2022-12-01,0.011049723756906077
2022-12-02,0.011049723756906077
2022-12-05,0.05660377358490566
2022-12-06,0.021739130434782608
2022-12-07,0.021739130434782608
2022-12-08,0.05660377358490566
2022-12-09,0.05660377358490566
2022-12-12,0.13043478260869565
2022-12-13,0.13043478260869565
2022-12-14,0.05660377358490566
2022-12-15,0.13043478260869565
2022-12-16,0.011049723756906077
2022-12-19,0.011049723756906077
2022-12-20,0.011049723756906077
2022-12-21,0.011049723756906077
2022-12-22,0.011049723756906077
2022-12-23,0.011049723756906077
2022-12-27,0.011049723756906077
2022-12-28,0.011049723756906077
2022-12-29,0.011049723756906077
2022-12-30,0.011049723756906077
2023-01-03,0.011049723756906077
2023-01-04,0.011049723756906077
2023-01-05,0.011049723756906077
2023-01-06,0.011049723756906077
2023-01-09,0.011049723756906077
2023-01-10,0.011049723756906077
2023-01-11,0.011049723756906077
2023-01-12,0.0
2023-01-13,0.0
2023-01-17,0.011049723756906077
2023-01-18,0.13043478260869565
2023-01-19,0.13043478260869565
2023-01-20,0.021739130434782608
2023-01-23,0.011049723756906077
2023-01-24,0.011049723756906077
2023-01-25,0.011049723756906077
2023-01-26,0.0
2023-01-27,0.0
2023-01-30,0.13043478260869565
2023-01-31,0.05660377358490566
2023-02-01,0.0
2023-02-02,0.011049723756906077
2023-02-03,0.0
2023-02-06,0.0
2023-02-07,0.0
2023-02-08,0.011049723756906077
2023-02-09,0.13043478260869565
2023-02-10,0.13043478260869565
2023-02-13,0.13043478260869565
2023-02-15,0.011049723756906077
2023-02-16,0.13043478260869565
2023-02-17,0.13043478260869565
2023-02-21,0.13043478260869565
2023-02-22,0.05660377358490566
2023-02-23,0.13043478260869565
2023-02-24,0.13043478260869565
2023-02-27,0.011049723756906077
2023-02-28,0.011049723756906077
2023-03-01,0.011049723756906077
2023-03-03,0.011049723756906077
2023-03-06,0.011049723756906077
2023-03-07,0.011049723756906077
2023-03-09,0.13043478260869565
2023-03-10,0.2631578947368421
2023-03-13,0.13043478260869565
2023-03-14,0.13043478260869565
2023-03-15,0.2631578947368421
2023-03-16,0.13043478260869565
2023-03-17,0.13043478260869565
2023-03-20,0.13043478260869565
2023-03-21,0.011049723756906077
2023-03-22,0.13043478260869565
2023-03-24,0.0
2023-03-27,0.011049723756906077
2023-03-28,0.004978873693708492
2023-03-29,0.011049723756906077
2023-03-30,0.011049723756906077
2023-03-31,0.011049723756906077
2023-04-03,0.011049723756906077
2023-04-04,0.011049723756906077
2023-04-05,0.011049723756906077
2023-04-06,0.011049723756906077
2023-04-10,0.05660377358490566
2023-04-11,0.13043478260869565
2023-04-12,0.021739130434782608
2023-04-13,0.011049723756906077
2023-04-14,0.011049723756906077
2023-04-17,0.011049723756906077
2023-04-18,0.011049723756906077
2023-04-20,0.13043478260869565
2023-04-21,0.13043478260869565
2023-04-24,0.011049723756906077
2023-04-25,0.011049723756906077
2023-04-26,0.011049723756906077
2023-04-27,0.011049723756906077
2023-04-28,0.011049723756906077
2023-05-01,0.13043478260869565
2023-05-02,0.011049723756906077
2023-05-03,0.13043478260869565
2023-05-04,0.021739130434782608
2023-05-05,0.05660377358490566
2023-05-08,0.05660377358490566
2023-05-09,0.058083010010836766
2023-05-10,0.011049723756906077
2023-05-12,0.13043478260869565
2023-05-15,0.13043478260869565
2023-05-16,0.13043478260869565
2023-05-17,0.13043478260869565
2023-05-18,0.021739130434782608
2023-05-19,0.021739130434782608
2023-05-22,0.011049723756906077
2023-05-23,0.011049723756906077
2023-05-24,0.13043478260869565
2023-05-25,0.021739130434782608
2023-05-30,0.13043478260869565
2023-05-31,0.13043478260869565
2023-06-01,0.011049723756906077
2023-06-02,0.011049723756906077
2023-06-05,0.011049723756906077
2023-06-06,0.011049723756906077
2023-06-07,0.011049723756906077
2023-06-08,0.011049723756906077
2023-06-09,0.13043478260869565
2023-06-12,0.05660377358490566
2023-06-13,0.05660377358490566
2023-06-14,0.021739130434782608
2023-06-15,0.021739130434782608
2023-06-16,0.05660377358490566
2023-06-20,0.011049723756906077
2023-06-21,0.011049723756906077
2023-06-22,0.13043478260869565
2023-06-23,0.13043478260869565
2023-06-26,0.011049723756906077
2023-06-28,0.021739130434782608
2023-06-29,0.011049723756906077
2023-06-30,0.011049723756906077
2023-07-05,0.011049723756906077
2023-07-06,0.13043478260869565
2023-07-07,0.13043478260869565
2023-07-10,0.05660377358490566
2023-07-12,0.13043478260869565
2023-07-13,0.05660377358490566
2023-07-14,0.05660377358490566
2023-07-17,0.011049723756906077
2023-07-18,0.05660377358490566
2023-07-19,0.05660377358490566
2023-07-20,0.13043478260869565
2023-07-21,0.13043478260869565
2023-07-24,0.011049723756906077
2023-07-25,0.05660377358490566
2023-07-26,0.011049723756906077
2023-07-27,0.021739130434782608
2023-07-28,0.011049723756906077
2023-07-31,0.011049723756906077
2023-08-01,0.05660377358490566
2023-08-02,0.011049723756906077
2023-08-03,0.011049723756906077
2023-08-04,0.13043478260869565
2023-08-07,0.021739130434782608
2023-08-08,0.011049723756906077
2023-08-09,0.011049723756906077
2023-08-10,0.011049723756906077
2023-08-11,0.05660377358490566
2023-08-14,0.05660377358490566
2023-08-15,0.05660377358490566
2023-08-16,0.05660377358490566
2023-08-17,0.05660377358490566
2023-08-18,0.05660377358490566
2023-08-21,0.13043478260869565
2023-08-22,0.011049723756906077
2023-08-23,0.011049723756906077
2023-08-24,0.13043478260869565
2023-08-25,0.011049723756906077
2023-08-28,0.011049723756906077
2023-08-29,0.011049723756906077
2023-08-30,0.011049723756906077
2023-08-31,0.011049723756906077
2023-09-01,0.011049723756906077
2023-09-05,0.011049723756906077
2023-09-06,0.021739130434782608
2023-09-07,0.021739130434782608
2023-09-08,0.011049723756906077
2023-09-11,0.011049723756906077
2023-09-12,0.011049723756906077
2023-09-13,0.011049723756906077
2023-09-14,0.011049723756906077
2023-09-15,0.05660377358490566
2023-09-18,0.05660377358490566
2023-09-19,0.05660377358490566
2023-09-20,0.05660377358490566
2023-09-21,0.13043478260869565
2023-09-22,0.07865626649064998
2023-09-25,0.13043478260869565
2023-09-26,0.13043478260869565
2023-09-27,0.13043478260869565
2023-09-28,0.13043478260869565
2023-09-29,0.13043478260869565
2023-10-03,0.13043478260869565
2023-10-04,0.13043478260869565
2023-10-05,0.13043478260869565
2023-10-06,0.13043478260869565
2023-10-10,0.011049723756906077
2023-10-11,0.021739130434782608
2023-10-12,0.13043478260869565
2023-10-13,0.13043478260869565
2023-10-16,0.13043478260869565
2023-10-17,0.13043478260869565
2023-10-18,0.13043478260869565
2023-10-19,0.13043478260869565
2023-10-20,0.13043478260869565
2023-10-23,0.13043478260869565
2023-10-24,0.13043478260869565
2023-10-25,0.13043478260869565
2023-10-26,0.13043478260869565
2023-10-27,0.13043478260869565
2023-10-30,0.13043478260869565
2023-10-31,0.13043478260869565
2023-11-01,0.05660377358490566
2023-11-02,0.011049723756906077
2023-11-06,0.011049723756906077
2023-11-07,0.011049723756906077
2023-11-08,0.011049723756906077
2023-11-09,0.13043478260869565
2023-11-13,0.011049723756906077
2023-11-14,0.011049723756906077
2023-11-15,0.011049723756906077
2023-11-16,0.05660377358490566
2023-11-17,0.05660377358490566
2023-11-21,0.05660377358490566
2023-11-22,0.05660377358490566
2023-11-27,0.011049723756906077
2023-11-28,0.011049723756906077
2023-11-29,0.011049723756906077
2023-11-30,0.011049723756906077
2023-12-01,0.011049723756906077
2023-12-04,0.13043478260869565
2023-12-05,0.011049723756906077
2023-12-06,0.011049723756906077
2023-12-07,0.05660377358490566
2023-12-08,0.011049723756906077
2023-12-11,0.011049723756906077
2023-12-12,0.011049723756906077
2023-12-13,0.011049723756906077
2023-12-14,0.011049723756906077
2023-12-15,0.011049723756906077
2023-12-18,0.011049723756906077
2023-12-19,0.011049723756906077
2023-12-20,0.05660377358490566
2023-12-21,0.13043478260869565
2023-12-22,0.13043478260869565
2023-12-27,0.011049723756906077
2023-12-28,0.011049723756906077
2023-12-29,0.13043478260869565
2024-01-02,0.13043478260869565
2024-01-03,0.13043478260869565
2024-01-04,0.011049723756906077
2024-01-05,0.011049723756906077
2024-01-08,0.011049723756906077
2024-01-09,0.011049723756906077
2024-01-10,0.011049723756906077
2024-01-11,0.011049723756906077
2024-01-12,0.011049723756906077
2024-01-16,0.13043478260869565
2024-01-17,0.13043478260869565
2024-01-18,0.13043478260869565
2024-01-22,0.011049723756906077
2024-01-23,0.011049723756906077
2024-01-24,0.011049723756906077
2024-01-25,0.011049723756906077
2024-01-26,0.011049723756906077
2024-01-29,0.011049723756906077
2024-01-30,0.011049723756906077
2024-01-31,0.05660377358490566
2024-02-01,0.021739130434782608
2024-02-02,0.011049723756906077
2024-02-05,0.011049723756906077
2024-02-06,0.011049723756906077
2024-02-07,0.011049723756906077
2024-02-08,0.011049723756906077
2024-02-09,0.011049723756906077
2024-02-12,0.011049723756906077
2024-02-13,0.011049723756906077
2024-02-14,0.011049723756906077
2024-02-15,0.011049723756906077
2024-02-16,0.011049723756906077
2024-02-20,0.011049723756906077
2024-02-21,0.011049723756906077
2024-02-22,0.011049723756906077
2024-02-23,0.011049723756906077
2024-02-26,0.011049723756906077
2024-02-27,0.011049723756906077
2024-02-28,0.011049723756906077
2024-02-29,0.011049723756906077
2024-03-01,0.011049723756906077
2024-03-04,0.011049723756906077
2024-03-05,0.011049723756906077
2024-03-06,0.011049723756906077
2024-03-07,0.011049723756906077
2024-03-08,0.011049723756906077
2024-03-11,0.011049723756906077
2024-03-12,0.011049723756906077
2024-03-13,0.011049723756906077
2024-03-14,0.011049723756906077
2024-03-15,0.011049723756906077
2024-03-18,0.011049723756906077
2024-03-19,0.011049723756906077
2024-03-20,0.011049723756906077
2024-03-21,0.011049723756906077
2024-03-22,0.011049723756906077
2024-03-25,0.011049723756906077
2024-03-26,0.011049723756906077
2024-03-27,0.011049723756906077
2024-03-28,0.011049723756906077
2024-04-01,0.011049723756906077
2024-04-02,0.011049723756906077
2024-04-03,0.011049723756906077
2024-04-04,0.011049723756906077
2024-04-05,0.011049723756906077
2024-04-08,0.011049723756906077
2024-04-09,0.011049723756906077
2024-04-10,0.011049723756906077
2024-04-11,0.011049723756906077
2024-04-12,0.011049723756906077
2024-04-15,0.011049723756906077
2024-04-16,0.011049723756906077
2024-04-17,0.05660377358490566
2024-04-18,0.05660377358490566
2024-04-19,0.021739130434782608
2024-04-22,0.011049723756906077
2024-04-23,0.011049723756906077
2024-04-24,0.011049723756906077
2024-04-26,0.011049723756906077
2024-04-29,0.011049723756906077
2024-04-30,0.011049723756906077
2024-05-01,0.011049723756906077
2024-05-02,0.011049723756906077
2024-05-03,0.011049723756906077
2024-05-06,0.011049723756906077
2024-05-07,0.011049723756906077
2024-05-08,0.011049723756906077
2024-05-09,0.011049723756906077
2024-05-10,0.011049723756906077
2024-05-13,0.011049723756906077
2024-05-14,0.011049723756906077
2024-05-15,0.011049723756906077
2024-05-16,0.011049723756906077
2024-05-17,0.011049723756906077
2024-05-20,0.011049723756906077
2024-05-21,0.05660377358490566
2024-05-22,0.011049723756906077
2024-05-23,0.011049723756906077
2024-05-24,0.011049723756906077
2024-05-28,0.011049723756906077
2024-05-29,0.13043478260869565
2024-05-31,0.011049723756906077
2024-06-03,0.011049723756906077
2024-06-04,0.011049723756906077
2024-06-05,0.011049723756906077
2024-06-06,0.011049723756906077
2024-06-07,0.011049723756906077
2024-06-10,0.011049723756906077
2024-06-11,0.011049723756906077
2024-06-14,0.011049723756906077
2024-06-17,0.011049723756906077
2024-06-18,0.011049723756906077
2024-06-20,0.011049723756906077
2024-06-21,0.011049723756906077
2024-06-24,0.011049723756906077
2024-06-25,0.011049723756906077
2024-06-26,0.011049723756906077
2024-06-27,0.011049723756906077
2024-06-28,0.011049723756906077
2024-07-01,0.011049723756906077
2024-07-02,0.011049723756906077
2024-07-03,0.011049723756906077
2024-07-05,0.011049723756906077
2024-07-08,0.011049723756906077
2024-07-09,0.011049723756906077
2024-07-10,0.011049723756906077
2024-07-11,0.011049723756906077
2024-07-12,0.05660377358490566
2024-07-15,0.011049723756906077
2024-07-16,0.011049723756906077
2024-07-17,0.13043478260869565
2024-07-18,0.13043478260869565
2024-07-19,0.13043478260869565
2024-07-22,0.13043478260869565
2024-07-23,0.011049723756906077
2024-07-24,0.13043478260869565
2024-07-25,0.13043478260869565
2024-07-26,0.13043478260869565
2024-07-29,0.13043478260869565
2024-07-30,0.13043478260869565
2024-07-31,0.13043478260869565
2024-08-02,0.13043478260869565
2024-08-05,0.13043478260869565
2024-08-09,0.13043478260869565
2024-08-12,0.13043478260869565
2024-08-13,0.05660377358490566
2024-08-14,0.011049723756906077
2024-08-15,0.011049723756906077
2024-08-16,0.011049723756906077
2024-08-19,0.011049723756906077
2024-08-20,0.011049723756906077
2024-08-21,0.011049723756906077
2024-08-22,0.011049723756906077
2024-08-23,0.05660377358490566
2024-08-26,0.011049723756906077
2024-08-27,0.011049723756906077
2024-08-28,0.011049723756906077
2024-08-29,0.05660377358490566
2024-08-30,0.011049723756906077
2024-09-03,0.13043478260869565
2024-09-04,0.13043478260869565
2024-09-05,0.13043478260869565
2024-09-06,0.13043478260869565
2024-09-09,0.13043478260869565
2024-09-10,0.2631578947368421
2024-09-11,0.05660377358490566
2024-09-12,0.011049723756906077
2024-09-13,0.011049723756906077
2024-09-16,0.011049723756906077
2024-09-17,0.011049723756906077
2024-09-18,0.011049723756906077
2024-09-19,0.011049723756906077
2024-09-20,0.011049723756906077
2024-09-23,0.011049723756906077
2024-09-25,0.011049723756906077
2024-09-26,0.011049723756906077
2024-09-27,0.011049723756906077
2024-09-30,0.011049723756906077
2024-10-02,0.13043478260869565
2024-10-03,0.13043478260869565
2024-10-04,0.13043478260869565
2024-10-07,0.13043478260869565
2024-10-08,0.13043478260869565
2024-10-09,0.13043478260869565
2024-10-10,0.13043478260869565
2024-10-11,0.13043478260869565
2024-10-15,0.13043478260869565
2024-10-16,0.13043478260869565
2024-10-17,0.13043478260869565
2024-10-18,0.13043478260869565
2024-10-21,0.13043478260869565
2024-10-22,0.13043478260869565
2024-10-23,0.13043478260869565
2024-10-24,0.13043478260869565
2024-10-25,0.13043478260869565
2024-10-28,0.13043478260869565
2024-10-29,0.13043478260869565
2024-10-30,0.13043478260869565
2024-10-31,0.13043478260869565
2024-11-01,0.13043478260869565
2024-11-04,0.13043478260869565
2024-11-05,0.13043478260869565
2024-11-06,0.13043478260869565
2024-11-07,0.011049723756906077
2024-11-08,0.011049723756906077
2024-11-12,0.011049723756906077
2024-11-13,0.011049723756906077
2024-11-14,0.05660377358490566
2024-11-15,0.021739130434782608
2024-11-18,0.05660377358490566
2024-11-19,0.13043478260869565
2024-11-20,0.2631578947368421
2024-11-21,0.13043478260869565
2024-11-22,0.13043478260869565
2024-11-25,0.011049723756906077
2024-11-26,0.011049723756906077
2024-11-27,0.011049723756906077
2024-11-29,0.011049723756906077
2024-12-02,0.011049723756906077
2024-12-03,0.011049723756906077
2024-12-04,0.011049723756906077
2024-12-05,0.011049723756906077
2024-12-06,0.011049723756906077
2024-12-09,0.011049723756906077
2024-12-10,0.011049723756906077
2024-12-11,0.011049723756906077
2024-12-12,0.011049723756906077
2024-12-13,0.011049723756906077
2024-12-16,0.011049723756906077
2024-12-17,0.011049723756906077
2024-12-18,0.13043478260869565
2024-12-19,0.011049723756906077
2024-12-20,0.011049723756906077
2024-12-23,0.011049723756906077
2024-12-24,0.011049723756906077
2024-12-26,0.011049723756906077
2024-12-27,0.011049723756906077
2024-12-30,0.043110966378743794
2024-12-31,0.05660377358490566
2025-01-02,0.05660377358490566
2025-01-03,0.021739130434782608
2025-01-06,0.011049723756906077
2025-01-07,0.05660377358490566
2025-01-08,0.043110966378743794
2025-01-10,0.021739130434782608
2025-01-13,0.05660377358490566
2025-01-14,0.05660377358490566
2025-01-15,0.021739130434782608
2025-01-16,0.011049723756906077
2025-01-17,0.011049723756906077
2025-01-21,0.011049723756906077
2025-01-22,0.011049723756906077
2025-01-23,0.011049723756906077
2025-01-24,0.011049723756906077
2025-01-27,0.13043478260869565
2025-01-28,0.011049723756906077
2025-01-29,0.13043478260869565
2025-01-30,0.011049723756906077
2025-01-31,0.011049723756906077
2025-02-03,0.13043478260869565
2025-02-04,0.13043478260869565
2025-02-05,0.011049723756906077
2025-02-06,0.011049723756906077
2025-02-07,0.011049723756906077
2025-02-10,0.011049723756906077
2025-02-11,0.011049723756906077
2025-02-12,0.011049723756906077
2025-02-13,0.011049723756906077
2025-02-14,0.011049723756906077
2025-02-18,0.011049723756906077
2025-02-19,0.011049723756906077
2025-02-20,0.011049723756906077
2025-02-21,0.011049723756906077
2025-02-24,0.011049723756906077
2025-02-25,0.011049723756906077
2025-02-26,0.011049723756906077
2025-02-27,0.011049723756906077
2025-02-28,0.011049723756906077
2025-03-03,0.011049723756906077
2025-03-04,0.011049723756906077
2025-03-05,0.011049723756906077
2025-03-06,0.011049723756906077
2025-03-07,0.011049723756906077
2025-03-10,0.021739130434782608
2025-03-11,0.021739130434782608
2025-03-12,0.13043478260869565
2025-03-13,0.13043478260869565
2025-03-14,0.021739130434782608
2025-03-17,0.021739130434782608
2025-03-18,0.021739130434782608
2025-03-19,0.021739130434782608
2025-03-20,0.021739130434782608
2025-03-21,0.021739130434782608
2025-03-24,0.011049723756906077
2025-03-25,0.011049723756906077
2025-03-26,0.021739130434782608
2025-03-27,0.021739130434782608
2025-03-28,0.021739130434782608
2025-03-31,0.021739130434782608
2025-04-01,0.021739130434782608
2025-04-02,0.021739130434782608
2025-04-03,0.021739130434782608
2025-04-04,0.021739130434782608
2025-04-07,0.021739130434782608
2025-04-08,0.021739130434782608
2025-04-09,0.021739130434782608
2025-04-10,0.13043478260869565
2025-04-11,0.13043478260869565
2025-04-14,0.021739130434782608
2025-04-15,0.021739130434782608
2025-04-16,0.021739130434782608
2025-04-17,0.021739130434782608
2025-04-21,0.13043478260869565
2025-04-22,0.13043478260869565
2025-04-23,0.13043478260869565
2025-04-24,0.13043478260869565
2025-04-25,0.011049723756906077
2025-04-28,0.011049723756906077
2025-04-29,0.011049723756906077
2025-04-30,0.011049723756906077
2025-05-01,0.011049723756906077
2025-05-02,0.011049723756906077
2025-05-05,0.011049723756906077
2025-05-06,0.011049723756906077
2025-05-07,0.011049723756906077
2025-05-08,0.011049723756906077
2025-05-09,0.011049723756906077
2025-05-12,0.011049723756906077
2025-05-13,0.011049723756906077
2025-05-14,0.011049723756906077
2025-05-15,0.011049723756906077
2025-05-16,0.011049723756906077
2025-05-19,0.011049723756906077
2025-05-20,0.011049723756906077
2025-05-21,0.011049723756906077
2025-05-22,0.011049723756906077
2025-05-23,0.011049723756906077
2025-05-27,0.011049723756906077
2025-05-28,0.011049723756906077
2025-05-29,0.011049723756906077
2025-05-30,0.011049723756906077
2025-06-02,0.011049723756906077
2025-06-03,0.011049723756906077
2025-06-04,0.011049723756906077
2025-06-05,0.011049723756906077
2025-06-06,0.011049723756906077
2025-06-09,0.011049723756906077
2025-06-10,0.011049723756906077
2025-06-11,0.011049723756906077
2025-06-12,0.011049723756906077
2025-06-13,0.011049723756906077
2025-06-16,0.011049723756906077
2025-06-17,0.011049723756906077
2025-06-18,0.011049723756906077
2025-06-20,0.011049723756906077
2025-06-23,0.011049723756906077
2025-06-24,0.011049723756906077
2025-06-25,0.011049723756906077
2025-06-26,0.011049723756906077
2025-06-27,0.011049723756906077
2025-06-30,0.011049723756906077
2025-07-01,0.011049723756906077
2025-07-02,0.011049723756906077
2025-07-03,0.011049723756906077
2025-07-07,0.011049723756906077
2025-07-08,0.011049723756906077
2025-07-09,0.011049723756906077
2025-07-10,0.011049723756906077
2025-07-11,0.011049723756906077
2025-07-14,0.011049723756906077
2025-07-15,0.011049723756906077
2025-07-16,0.011049723756906077
2025-07-17,0.011049723756906077
2025-07-18,0.011049723756906077
2025-07-21,0.011049723756906077
2025-07-22,0.011049723756906077
2025-07-23,0.011049723756906077
2025-07-24,0.011049723756906077
2025-07-25,0.011049723756906077
2025-07-28,0.011049723756906077
2025-07-29,0.011049723756906077
2025-07-30,0.011049723756906077
2025-07-31,0.011049723756906077
2025-08-01,0.011049723756906077
2025-08-04,0.011049723756906077
2025-08-05,0.011049723756906077
2025-08-06,0.011049723756906077
2025-08-07,0.011049723756906077
2025-08-08,0.011049723756906077
2025-08-11,0.011049723756906077
2025-08-12,0.011049723756906077
2025-08-13,0.011049723756906077
2025-08-14,0.011049723756906077
2025-08-15,0.011049723756906077
2025-08-18,0.011049723756906077
2025-08-19,0.011049723756906077
2025-08-20,0.011049723756906077
2025-08-21,0.011049723756906077
2025-08-22,0.021739130434782608
2025-08-25,0.011049723756906077
2025-08-26,0.011049723756906077
2025-08-27,0.011049723756906077
2025-08-28,0.011049723756906077
2025-08-29,0.011049723756906077
2025-09-02,0.011049723756906077
2025-09-03,0.011049723756906077
2025-09-04,0.011049723756906077
2025-09-05,0.011049723756906077
2025-09-08,0.011049723756906077
2025-09-09,0.011049723756906077
2025-09-10,0.011049723756906077
2025-09-11,0.011049723756906077
2025-09-12,0.011049723756906077
2025-09-15,0.011049723756906077
2025-09-16,0.011049723756906077
2025-09-17,0.011049723756906077
2025-09-18,0.011049723756906077
2025-09-19,0.011049723756906077
2025-09-22,0.011049723756906077
2025-09-23,0.011049723756906077
2025-09-24,0.011049723756906077
2025-09-25,0.011049723756906077
2025-09-26,0.011049723756906077
2025-09-29,0.011049723756906077
2025-09-30,0.011049723756906077
2025-10-01,0.011049723756906077
2025-10-02,0.011049723756906077
2025-10-03,0.011049723756906077
2025-10-06,0.011049723756906077
2025-10-07,0.011049723756906077
2025-10-08,0.011049723756906077
2025-10-09,0.011049723756906077
2025-10-10,0.011049723756906077
2025-10-14,0.011049723756906077
2025-10-15,0.011049723756906077
2025-10-16,0.011049723756906077
2025-10-17,0.011049723756906077
2025-10-20,0.011049723756906077
2025-10-21,0.011049723756906077
2025-10-22,0.011049723756906077
2025-10-23,0.011049723756906077
2025-10-24,0.011049723756906077
2025-10-27,0.011049723756906077
2025-10-28,0.011049723756906077
2025-10-29,0.011049723756906077
2025-10-30,0.011049723756906077
2025-10-31,0.011049723756906077
2025-11-03,0.011049723756906077
2025-11-04,0.011049723756906077
2025-11-05,0.011049723756906077
2025-11-06,0.011049723756906077
2025-11-07,0.011049723756906077
2025-11-10,0.011049723756906077
2025-11-12,0.011049723756906077
2025-11-13,0.011049723756906077
2025-11-14,0.011049723756906077
2025-11-17,0.011049723756906077
2025-11-18,0.011049723756906077
2025-11-19,0.011049723756906077
2025-11-20,0.011049723756906077
2025-11-21,0.011049723756906077
2025-11-24,0.011049723756906077
2025-11-25,0.011049723756906077
2025-11-26,0.011049723756906077
2025-11-28,0.011049723756906077
2025-12-01,0.011049723756906077
2025-12-02,0.011049723756906077
2025-12-03,0.011049723756906077
2025-12-04,0.011049723756906077
2025-12-05,0.011049723756906077
2025-12-08,0.011049723756906077
2025-12-09,0.011049723756906077
2025-12-10,0.011049723756906077
2025-12-11,0.011049723756906077
2025-12-12,0.011049723756906077
2025-12-15,0.011049723756906077
2025-12-16,0.011049723756906077
2025-12-17,0.011049723756906077
2025-12-18,0.011049723756906077
2025-12-19,0.011049723756906077
2025-12-22,0.011049723756906077
2025-12-23,0.011049723756906077
2025-12-24,0.011049723756906077
2025-12-26,0.011049723756906077
2025-12-29,0.011049723756906077
2025-12-30,0.011049723756906077
2025-12-31,0.011049723756906077
2026-01-02,0.011049723756906077
2026-01-05,0.011049723756906077
2026-01-06,0.011049723756906077
2026-01-07,0.011049723756906077
2026-01-08,0.011049723756906077
2026-01-09,0.011049723756906077
2026-01-12,0.011049723756906077
2026-01-13,0.011049723756906077
2026-01-14,0.011049723756906077
2026-01-15,0.011049723756906077
2026-01-16,0.011049723756906077
2026-01-20,0.011049723756906077
2026-01-21,0.011049723756906077
2026-01-22,0.011049723756906077
2026-01-23,0.011049723756906077
2026-01-26,0.011049723756906077
2026-01-27,0.011049723756906077
2026-01-28,0.011049723756906077
2026-01-29,0.011049723756906077
2026-01-30,0.011049723756906077
2026-02-02,0.011049723756906077
2026-02-03,0.011049723756906077
2026-02-04,0.011049723756906077
2026-02-05,0.011049723756906077
2026-02-06,0.021739130434782608
2026-02-09,0.011049723756906077
2026-02-10,0.011049723756906077
2026-02-11,0.011049723756906077
2026-02-12,0.011049723756906077
2026-02-13,0.011049723756906077
2026-02-17,0.011049723756906077
2026-02-18,0.021739130434782608
2026-02-19,0.011049723756906077
2026-02-20,0.011049723756906077
2026-02-23,0.011049723756906077
2026-02-24,0.011049723756906077
2026-02-25,0.011049723756906077
2026-02-26,0.011049723756906077
2026-02-27,0.021739130434782608
2026-03-02,0.011049723756906077
2026-03-03,0.011049723756906077
2026-03-04,0.021739130434782608
2026-03-05,0.011049723756906077
2026-03-06,0.011049723756906077
2026-03-09,0.011049723756906077
2026-03-10,0.011049723756906077
2026-03-11,0.011049723756906077
2026-03-12,0.011049723756906077
2026-03-13,0.011049723756906077
2026-03-16,0.011049723756906077
2026-03-17,0.011049723756906077
2026-03-18,0.011049723756906077
2026-03-19,0.011049723756906077
2026-03-20,0.011049723756906077
2026-03-23,0.011049723756906077
2026-03-24,0.011049723756906077
2026-03-25,0.011049723756906077
2026-03-26,0.011049723756906077
2026-03-27,0.011049723756906077
2026-03-30,0.011049723756906077
2026-03-31,0.05660377358490566
2026-04-01,0.05660377358490566
2026-04-02,0.05660377358490566
2026-04-06,0.05660377358490566
2026-04-07,0.05660377358490566
2026-04-08,0.011049723756906077
2026-04-09,0.011049723756906077
2026-04-10,0.011049723756906077
2026-04-13,0.011049723756906077
2026-04-14,0.011049723756906077
2026-04-15,0.011049723756906077
2026-04-16,0.011049723756906077
2026-04-17,0.011049723756906077
2026-04-20,0.011049723756906077
2026-04-21,0.011049723756906077
2026-04-22,0.011049723756906077
2026-04-23,0.011049723756906077
2026-04-24,0.011049723756906077
2026-04-27,0.011049723756906077
2026-04-28,0.011049723756906077
2026-04-29,0.011049723756906077
2026-04-30,0.011049723756906077
2026-05-01,0.011049723756906077
2026-05-04,0.011049723756906077
2026-05-05,0.011049723756906077
2026-05-06,0.011049723756906077
2026-05-07,0.011049723756906077
2026-05-08,0.011049723756906077
2026-05-11,0.011049723756906077
2026-05-12,0.011049723756906077
2026-05-13,0.011049723756906077
2026-05-14,0.011049723756906077
2026-05-15,0.011049723756906077
2026-05-18,0.011049723756906077
2026-05-19,0.011049723756906077
2026-05-20,0.011049723756906077
2026-05-21,0.011049723756906077
2026-05-22,0.011049723756906077
2026-05-26,0.011049723756906077
2026-05-27,0.011049723756906077
2026-05-28,0.011049723756906077
2026-05-29,0.011049723756906077
2026-06-01,0.011049723756906077
2026-06-02,0.011049723756906077
2026-06-03,0.011049723756906077
2026-06-04,0.011049723756906077
2026-06-05,0.021739130434782608
2026-06-08,0.021739130434782608
2026-06-09,0.021739130434782608
2026-06-10,0.011049723756906077
2026-06-11,0.011049723756906077
2026-06-12,0.021739130434782608
2026-06-15,0.011049723756906077
2026-06-16,0.011049723756906077
2026-06-17,0.011049723756906077
2026-06-18,0.011049723756906077
2026-06-22,0.011049723756906077
2026-06-23,0.021739130434782608
2026-06-24,0.021739130434782608
2026-06-25,0.011049723756906077
2026-06-26,0.011049723756906077
2026-06-29,0.011049723756906077
2026-06-30,0.011049723756906077
2026-07-01,0.011049723756906077
2026-07-02,0.021739130434782608
2026-07-06,0.011049723756906077
2026-07-07,0.011049723756906077
2026-07-08,0.011049723756906077
2026-07-09,0.011049723756906077
